Source	target	Link
https://www.youtube.com/user/FoxNewsChannel/videos	https://www.youtube.com/watch?v=8yqX7m6wJN8	1
https://www.youtube.com/user/FoxNewsChannel/videos	https://www.youtube.com/watch?v=npui2mJCChA	1
https://www.youtube.com/user/FoxNewsChannel/videos	https://www.youtube.com/watch?v=npui2mJCChA	1
https://www.youtube.com/user/FoxNewsChannel/videos	https://www.youtube.com/watch?v=7KzHrL8_mWA	1
https://www.youtube.com/user/FoxNewsChannel/videos	https://www.youtube.com/watch?v=7_O9Q8GdLnc	1
https://www.youtube.com/user/FoxNewsChannel/videos	https://www.youtube.com/watch?v=rqIhMd9JEdE	1
https://www.youtube.com/user/FoxNewsChannel/videos	https://www.youtube.com/watch?v=rqIhMd9JEdE	1
https://www.youtube.com/user/FoxNewsChannel/videos	https://www.youtube.com/watch?v=gCyjzGH8FH4	1
https://www.youtube.com/user/FoxNewsChannel/videos	https://www.youtube.com/watch?v=1FdvZjFa5pM	1
https://www.youtube.com/user/FoxNewsChannel/videos	https://www.youtube.com/watch?v=DOOnw7Yv9oQ	1
https://www.youtube.com/user/FoxNewsChannel/videos	https://www.youtube.com/watch?v=RVYsMvfyxeQ	1
https://www.youtube.com/user/FoxNewsChannel/videos	https://www.youtube.com/watch?v=Q3MjRHCX76A	1
https://www.youtube.com/user/FoxNewsChannel/videos	https://www.youtube.com/watch?v=8yqX7m6wJN8	1
https://www.youtube.com/user/FoxNewsChannel/videos	https://www.youtube.com/watch?v=pAxiUUCPs6Y	1
https://www.youtube.com/user/FoxNewsChannel/videos	https://www.youtube.com/watch?v=iNGd64nt2Wk	1
https://www.youtube.com/user/FoxNewsChannel/videos	https://www.youtube.com/watch?v=6Xs0FA5M5Lc	1
https://www.youtube.com/user/FoxNewsChannel/videos	https://www.youtube.com/watch?v=Q3MjRHCX76A	1
https://www.youtube.com/user/FoxNewsChannel/videos	https://www.youtube.com/watch?v=WaeZO1HkFKY	1
https://www.youtube.com/user/FoxNewsChannel/videos	https://www.youtube.com/watch?v=7KzHrL8_mWA	1
https://www.youtube.com/user/FoxNewsChannel/videos	https://www.youtube.com/watch?v=prRokei1Xus	1
https://www.youtube.com/user/FoxNewsChannel/videos	https://www.youtube.com/watch?v=6Xs0FA5M5Lc	1
https://www.youtube.com/user/FoxNewsChannel/videos	https://www.youtube.com/watch?v=wwsv4hJlmjc	1
https://www.youtube.com/user/FoxNewsChannel/videos	https://www.youtube.com/watch?v=iNGd64nt2Wk	1
https://www.youtube.com/user/FoxNewsChannel/videos	https://www.youtube.com/watch?v=RVYsMvfyxeQ	1
https://www.youtube.com/user/FoxNewsChannel/videos	https://www.youtube.com/watch?v=AWvhgFl35-Q	1
https://www.youtube.com/user/FoxNewsChannel/videos	https://www.youtube.com/watch?v=iNGd64nt2Wk	1
https://www.youtube.com/user/FoxNewsChannel/videos	https://www.youtube.com/watch?v=npui2mJCChA	1
https://www.youtube.com/user/FoxNewsChannel/videos	https://www.youtube.com/watch?v=DOOnw7Yv9oQ	1
https://www.youtube.com/user/FoxNewsChannel/videos	https://www.youtube.com/watch?v=KvpnMooNWQg	1
https://www.youtube.com/user/FoxNewsChannel/videos	https://www.youtube.com/watch?v=iNGd64nt2Wk	1
https://www.youtube.com/user/FoxNewsChannel/videos	https://www.youtube.com/watch?v=RVYsMvfyxeQ	1
https://www.youtube.com/user/FoxNewsChannel/videos	https://www.youtube.com/watch?v=wwsv4hJlmjc	1
https://www.youtube.com/user/FoxNewsChannel/videos	https://www.youtube.com/watch?v=kppYRQx8DA4	1
https://www.youtube.com/user/FoxNewsChannel/videos	https://www.youtube.com/watch?v=43nh_tFcU-k	1
https://www.youtube.com/user/FoxNewsChannel/videos	https://www.youtube.com/watch?v=RVYsMvfyxeQ	1
https://www.youtube.com/user/FoxNewsChannel/videos	https://www.youtube.com/watch?v=AWvhgFl35-Q	1
https://www.youtube.com/user/FoxNewsChannel/videos	https://www.youtube.com/watch?v=ILMFgu46v8g	1
https://www.youtube.com/user/FoxNewsChannel/videos	https://www.youtube.com/watch?v=43nh_tFcU-k	1
https://www.youtube.com/user/FoxNewsChannel/videos	https://www.youtube.com/watch?v=pAxiUUCPs6Y	1
https://www.youtube.com/user/FoxNewsChannel/videos	https://www.youtube.com/watch?v=46yxmiXle7I	1
https://www.youtube.com/user/FoxNewsChannel/videos	https://www.youtube.com/watch?v=7KzHrL8_mWA	1
https://www.youtube.com/user/FoxNewsChannel/videos	https://www.youtube.com/watch?v=gCyjzGH8FH4	1
https://www.youtube.com/user/FoxNewsChannel/videos	https://www.youtube.com/watch?v=prRokei1Xus	1
https://www.youtube.com/user/FoxNewsChannel/videos	https://www.youtube.com/watch?v=kppYRQx8DA4	1
https://www.youtube.com/user/FoxNewsChannel/videos	https://www.youtube.com/watch?v=7KzHrL8_mWA	1
https://www.youtube.com/user/FoxNewsChannel/videos	https://www.youtube.com/watch?v=RVYsMvfyxeQ	1
https://www.youtube.com/user/FoxNewsChannel/videos	https://www.youtube.com/watch?v=46yxmiXle7I	1
https://www.youtube.com/user/FoxNewsChannel/videos	https://www.youtube.com/watch?v=AWvhgFl35-Q	1
https://www.youtube.com/user/FoxNewsChannel/videos	https://www.youtube.com/watch?v=wwsv4hJlmjc	1
https://www.youtube.com/user/FoxNewsChannel/videos	https://www.youtube.com/watch?v=481tTjjTczk	1
https://www.youtube.com/user/FoxNewsChannel/videos	https://www.youtube.com/watch?v=u1JkLXAN4-8	1
https://www.youtube.com/user/FoxNewsChannel/videos	https://www.youtube.com/watch?v=prRokei1Xus	1
https://www.youtube.com/user/FoxNewsChannel/videos	https://www.youtube.com/watch?v=DOOnw7Yv9oQ	1
https://www.youtube.com/user/FoxNewsChannel/videos	https://www.youtube.com/watch?v=RVYsMvfyxeQ	1
https://www.youtube.com/user/FoxNewsChannel/videos	https://www.youtube.com/watch?v=43nh_tFcU-k	1
https://www.youtube.com/user/FoxNewsChannel/videos	https://www.youtube.com/watch?v=KvpnMooNWQg	1
https://www.youtube.com/user/FoxNewsChannel/videos	https://www.youtube.com/watch?v=RVYsMvfyxeQ	1
https://www.youtube.com/user/FoxNewsChannel/videos	https://www.youtube.com/watch?v=u1JkLXAN4-8	1
https://www.youtube.com/user/FoxNewsChannel/videos	https://www.youtube.com/watch?v=iNGd64nt2Wk	1
https://www.youtube.com/user/FoxNewsChannel/videos	https://www.youtube.com/watch?v=ILMFgu46v8g	1
https://www.youtube.com/user/FoxNewsChannel/videos	https://www.youtube.com/watch?v=Q3MjRHCX76A	1
https://www.youtube.com/user/FoxNewsChannel/videos	https://www.youtube.com/watch?v=u1JkLXAN4-8	1
https://www.youtube.com/user/FoxNewsChannel/videos	https://www.youtube.com/watch?v=6Xs0FA5M5Lc	1
https://www.youtube.com/user/FoxNewsChannel/videos	https://www.youtube.com/watch?v=DOOnw7Yv9oQ	1
https://www.youtube.com/user/FoxNewsChannel/videos	https://www.youtube.com/watch?v=gCyjzGH8FH4	1
https://www.youtube.com/user/FoxNewsChannel/videos	https://www.youtube.com/watch?v=RVYsMvfyxeQ	1
https://www.youtube.com/user/FoxNewsChannel/videos	https://www.youtube.com/watch?v=bEKYc61b0_E	1
https://www.youtube.com/user/FoxNewsChannel/videos	https://www.youtube.com/watch?v=481tTjjTczk	1
https://www.youtube.com/user/FoxNewsChannel/videos	https://www.youtube.com/watch?v=7KzHrL8_mWA	1
https://www.youtube.com/user/FoxNewsChannel/videos	https://www.youtube.com/watch?v=rqIhMd9JEdE	1
https://www.youtube.com/user/FoxNewsChannel/videos	https://www.youtube.com/watch?v=AWvhgFl35-Q	1
https://www.youtube.com/user/FoxNewsChannel/videos	https://www.youtube.com/watch?v=iNGd64nt2Wk	1
https://www.youtube.com/user/FoxNewsChannel/videos	https://www.youtube.com/watch?v=wwsv4hJlmjc	1
https://www.youtube.com/user/FoxNewsChannel/videos	https://www.youtube.com/watch?v=wwsv4hJlmjc	1
https://www.youtube.com/user/FoxNewsChannel/videos	https://www.youtube.com/watch?v=46yxmiXle7I	1
https://www.youtube.com/user/FoxNewsChannel/videos	https://www.youtube.com/watch?v=prRokei1Xus	1
https://www.youtube.com/user/FoxNewsChannel/videos	https://www.youtube.com/watch?v=ILMFgu46v8g	1
https://www.youtube.com/user/FoxNewsChannel/videos	https://www.youtube.com/watch?v=43nh_tFcU-k	1
https://www.youtube.com/user/FoxNewsChannel/videos	https://www.youtube.com/watch?v=8yqX7m6wJN8	1
https://www.youtube.com/user/FoxNewsChannel/videos	https://www.youtube.com/watch?v=rqIhMd9JEdE	1
https://www.youtube.com/user/FoxNewsChannel/videos	https://www.youtube.com/watch?v=43nh_tFcU-k	1
https://www.youtube.com/user/FoxNewsChannel/videos	https://www.youtube.com/watch?v=piJPOpFhIm0	1
https://www.youtube.com/user/FoxNewsChannel/videos	https://www.youtube.com/watch?v=piJPOpFhIm0	1
https://www.youtube.com/user/FoxNewsChannel/videos	https://www.youtube.com/watch?v=kppYRQx8DA4	1
https://www.youtube.com/user/FoxNewsChannel/videos	https://www.youtube.com/watch?v=8yqX7m6wJN8	1
https://www.youtube.com/user/FoxNewsChannel/videos	https://www.youtube.com/watch?v=Yn6AU-lLjSw	1
https://www.youtube.com/user/FoxNewsChannel/videos	https://www.youtube.com/watch?v=481tTjjTczk	1
https://www.youtube.com/user/FoxNewsChannel/videos	https://www.youtube.com/watch?v=1FdvZjFa5pM	1
https://www.youtube.com/user/FoxNewsChannel/videos	https://www.youtube.com/watch?v=prRokei1Xus	1
https://www.youtube.com/user/FoxNewsChannel/videos	https://www.youtube.com/watch?v=bEKYc61b0_E	1
https://www.youtube.com/user/FoxNewsChannel/videos	https://www.youtube.com/watch?v=7KzHrL8_mWA	1
https://www.youtube.com/user/FoxNewsChannel/videos	https://www.youtube.com/watch?v=piJPOpFhIm0	1
https://www.youtube.com/user/FoxNewsChannel/videos	https://www.youtube.com/watch?v=43nh_tFcU-k	1
https://www.youtube.com/user/FoxNewsChannel/videos	https://www.youtube.com/watch?v=6Xs0FA5M5Lc	1
https://www.youtube.com/user/FoxNewsChannel/videos	https://www.youtube.com/watch?v=bEKYc61b0_E	1
https://www.youtube.com/user/FoxNewsChannel/videos	https://www.youtube.com/watch?v=481tTjjTczk	1
https://www.youtube.com/user/FoxNewsChannel/videos	https://www.youtube.com/watch?v=piJPOpFhIm0	1
https://www.youtube.com/user/FoxNewsChannel/videos	https://www.youtube.com/watch?v=46yxmiXle7I	1
https://www.youtube.com/user/FoxNewsChannel/videos	https://www.youtube.com/watch?v=6Xs0FA5M5Lc	1
https://www.youtube.com/user/FoxNewsChannel/videos	https://www.youtube.com/watch?v=7KzHrL8_mWA	1
https://www.youtube.com/user/FoxNewsChannel/videos	https://www.youtube.com/watch?v=43nh_tFcU-k	1
https://www.youtube.com/user/FoxNewsChannel/videos	https://www.youtube.com/watch?v=Yn6AU-lLjSw	1
https://www.youtube.com/user/FoxNewsChannel/videos	https://www.youtube.com/watch?v=piJPOpFhIm0	1
https://www.youtube.com/user/FoxNewsChannel/videos	https://www.youtube.com/watch?v=AWvhgFl35-Q	1
https://www.youtube.com/user/FoxNewsChannel/videos	https://www.youtube.com/watch?v=481tTjjTczk	1
https://www.youtube.com/user/FoxNewsChannel/videos	https://www.youtube.com/watch?v=pAxiUUCPs6Y	1
https://www.youtube.com/user/FoxNewsChannel/videos	https://www.youtube.com/watch?v=u1JkLXAN4-8	1
https://www.youtube.com/user/FoxNewsChannel/videos	https://www.youtube.com/watch?v=bEKYc61b0_E	1
https://www.youtube.com/user/FoxNewsChannel/videos	https://www.youtube.com/watch?v=DOOnw7Yv9oQ	1
https://www.youtube.com/user/FoxNewsChannel/videos	https://www.youtube.com/watch?v=Yn6AU-lLjSw	1
https://www.youtube.com/user/FoxNewsChannel/videos	https://www.youtube.com/watch?v=bEKYc61b0_E	1
https://www.youtube.com/user/FoxNewsChannel/videos	https://www.youtube.com/watch?v=kppYRQx8DA4	1
https://www.youtube.com/user/FoxNewsChannel/videos	https://www.youtube.com/watch?v=1FdvZjFa5pM	1
https://www.youtube.com/user/FoxNewsChannel/videos	https://www.youtube.com/watch?v=wwsv4hJlmjc	1
https://www.youtube.com/user/FoxNewsChannel/videos	https://www.youtube.com/watch?v=gCyjzGH8FH4	1
https://www.youtube.com/user/FoxNewsChannel/videos	https://www.youtube.com/watch?v=Yn6AU-lLjSw	1
https://www.youtube.com/user/FoxNewsChannel/videos	https://www.youtube.com/watch?v=gCyjzGH8FH4	1
https://www.youtube.com/user/FoxNewsChannel/videos	https://www.youtube.com/watch?v=rqIhMd9JEdE	1
https://www.youtube.com/user/FoxNewsChannel/videos	https://www.youtube.com/watch?v=Q3MjRHCX76A	1
https://www.youtube.com/user/FoxNewsChannel/videos	https://www.youtube.com/watch?v=prRokei1Xus	1
https://www.youtube.com/user/FoxNewsChannel/videos	https://www.youtube.com/watch?v=6Xs0FA5M5Lc	1
https://www.youtube.com/user/FoxNewsChannel/videos	https://www.youtube.com/watch?v=prRokei1Xus	1
https://www.youtube.com/user/FoxNewsChannel/videos	https://www.youtube.com/watch?v=npui2mJCChA	1
https://www.youtube.com/user/FoxNewsChannel/videos	https://www.youtube.com/watch?v=481tTjjTczk	1
https://www.youtube.com/user/FoxNewsChannel/videos	https://www.youtube.com/watch?v=RVYsMvfyxeQ	1
https://www.youtube.com/user/FoxNewsChannel/videos	https://www.youtube.com/watch?v=DOOnw7Yv9oQ	1
https://www.youtube.com/user/FoxNewsChannel/videos	https://www.youtube.com/watch?v=rqIhMd9JEdE	1
https://www.youtube.com/user/FoxNewsChannel/videos	https://www.youtube.com/watch?v=Q3MjRHCX76A	1
https://www.youtube.com/user/FoxNewsChannel/videos	https://www.youtube.com/watch?v=pAxiUUCPs6Y	1
https://www.youtube.com/user/FoxNewsChannel/videos	https://www.youtube.com/watch?v=iNGd64nt2Wk	1
https://www.youtube.com/user/FoxNewsChannel/videos	https://www.youtube.com/watch?v=46yxmiXle7I	1
https://www.youtube.com/user/FoxNewsChannel/videos	https://www.youtube.com/watch?v=WaeZO1HkFKY	1
https://www.youtube.com/user/FoxNewsChannel/videos	https://www.youtube.com/watch?v=1FdvZjFa5pM	1
https://www.youtube.com/user/FoxNewsChannel/videos	https://www.youtube.com/watch?v=KvpnMooNWQg	1
https://www.youtube.com/user/FoxNewsChannel/videos	https://www.youtube.com/watch?v=iNGd64nt2Wk	1
https://www.youtube.com/user/FoxNewsChannel/videos	https://www.youtube.com/watch?v=WaeZO1HkFKY	1
https://www.youtube.com/user/FoxNewsChannel/videos	https://www.youtube.com/watch?v=piJPOpFhIm0	1
https://www.youtube.com/user/FoxNewsChannel/videos	https://www.youtube.com/watch?v=46yxmiXle7I	1
https://www.youtube.com/user/FoxNewsChannel/videos	https://www.youtube.com/watch?v=wwsv4hJlmjc	1
https://www.youtube.com/user/FoxNewsChannel/videos	https://www.youtube.com/watch?v=1FdvZjFa5pM	1
https://www.youtube.com/user/FoxNewsChannel/videos	https://www.youtube.com/watch?v=kppYRQx8DA4	1
https://www.youtube.com/user/FoxNewsChannel/videos	https://www.youtube.com/watch?v=KvpnMooNWQg	1
https://www.youtube.com/user/FoxNewsChannel/videos	https://www.youtube.com/watch?v=rqIhMd9JEdE	1
https://www.youtube.com/user/FoxNewsChannel/videos	https://www.youtube.com/watch?v=7_O9Q8GdLnc	1
https://www.youtube.com/user/FoxNewsChannel/videos	https://www.youtube.com/watch?v=npui2mJCChA	1
https://www.youtube.com/user/FoxNewsChannel/videos	https://www.youtube.com/watch?v=pAxiUUCPs6Y	1
https://www.youtube.com/user/FoxNewsChannel/videos	https://www.youtube.com/watch?v=Yn6AU-lLjSw	1
https://www.youtube.com/user/FoxNewsChannel/videos	https://www.youtube.com/watch?v=46yxmiXle7I	1
https://www.youtube.com/user/FoxNewsChannel/videos	https://www.youtube.com/watch?v=Yn6AU-lLjSw	1
https://www.youtube.com/user/FoxNewsChannel/videos	https://www.youtube.com/watch?v=Q3MjRHCX76A	1
https://www.youtube.com/user/FoxNewsChannel/videos	https://www.youtube.com/watch?v=pAxiUUCPs6Y	1
https://www.youtube.com/user/FoxNewsChannel/videos	https://www.youtube.com/watch?v=RVYsMvfyxeQ	1
https://www.youtube.com/user/FoxNewsChannel/videos	https://www.youtube.com/watch?v=RVYsMvfyxeQ	1
https://www.youtube.com/user/FoxNewsChannel/videos	https://www.youtube.com/watch?v=RVYsMvfyxeQ	1
https://www.youtube.com/user/FoxNewsChannel/videos	https://www.youtube.com/watch?v=7_O9Q8GdLnc	1
https://www.youtube.com/user/FoxNewsChannel/videos	https://www.youtube.com/watch?v=rqIhMd9JEdE	1
https://www.youtube.com/user/FoxNewsChannel/videos	https://www.youtube.com/watch?v=wwsv4hJlmjc	1
https://www.youtube.com/user/FoxNewsChannel/videos	https://www.youtube.com/watch?v=bEKYc61b0_E	1
https://www.youtube.com/user/FoxNewsChannel/videos	https://www.youtube.com/watch?v=pAxiUUCPs6Y	1
https://www.youtube.com/user/FoxNewsChannel/videos	https://www.youtube.com/watch?v=RVYsMvfyxeQ	1
https://www.youtube.com/user/FoxNewsChannel/videos	https://www.youtube.com/watch?v=bEKYc61b0_E	1
https://www.youtube.com/user/FoxNewsChannel/videos	https://www.youtube.com/watch?v=Q3MjRHCX76A	1
https://www.youtube.com/user/FoxNewsChannel/videos	https://www.youtube.com/watch?v=KvpnMooNWQg	1
https://www.youtube.com/user/FoxNewsChannel/videos	https://www.youtube.com/watch?v=piJPOpFhIm0	1
https://www.youtube.com/user/FoxNewsChannel/videos	https://www.youtube.com/watch?v=rqIhMd9JEdE	1
https://www.youtube.com/user/FoxNewsChannel/videos	https://www.youtube.com/watch?v=AWvhgFl35-Q	1
https://www.youtube.com/user/FoxNewsChannel/videos	https://www.youtube.com/watch?v=43nh_tFcU-k	1
https://www.youtube.com/user/FoxNewsChannel/videos	https://www.youtube.com/watch?v=gCyjzGH8FH4	1
https://www.youtube.com/user/FoxNewsChannel/videos	https://www.youtube.com/watch?v=wwsv4hJlmjc	1
https://www.youtube.com/user/FoxNewsChannel/videos	https://www.youtube.com/watch?v=RVYsMvfyxeQ	1
https://www.youtube.com/user/FoxNewsChannel/videos	https://www.youtube.com/watch?v=8yqX7m6wJN8	1
https://www.youtube.com/user/FoxNewsChannel/videos	https://www.youtube.com/watch?v=KvpnMooNWQg	1
https://www.youtube.com/user/FoxNewsChannel/videos	https://www.youtube.com/watch?v=8yqX7m6wJN8	1
https://www.youtube.com/user/FoxNewsChannel/videos	https://www.youtube.com/watch?v=wwsv4hJlmjc	1
https://www.youtube.com/user/FoxNewsChannel/videos	https://www.youtube.com/watch?v=npui2mJCChA	1
https://www.youtube.com/user/FoxNewsChannel/videos	https://www.youtube.com/watch?v=pAxiUUCPs6Y	1
https://www.youtube.com/user/FoxNewsChannel/videos	https://www.youtube.com/watch?v=wwsv4hJlmjc	1
https://www.youtube.com/user/FoxNewsChannel/videos	https://www.youtube.com/watch?v=wwsv4hJlmjc	1
https://www.youtube.com/user/FoxNewsChannel/videos	https://www.youtube.com/watch?v=ILMFgu46v8g	1
https://www.youtube.com/user/FoxNewsChannel/videos	https://www.youtube.com/watch?v=pAxiUUCPs6Y	1
https://www.youtube.com/user/FoxNewsChannel/videos	https://www.youtube.com/watch?v=WaeZO1HkFKY	1
https://www.youtube.com/user/FoxNewsChannel/videos	https://www.youtube.com/watch?v=u1JkLXAN4-8	1
https://www.youtube.com/user/FoxNewsChannel/videos	https://www.youtube.com/watch?v=1FdvZjFa5pM	1
https://www.youtube.com/user/FoxNewsChannel/videos	https://www.youtube.com/watch?v=piJPOpFhIm0	1
https://www.youtube.com/user/FoxNewsChannel/videos	https://www.youtube.com/watch?v=Yn6AU-lLjSw	1
https://www.youtube.com/user/FoxNewsChannel/videos	https://www.youtube.com/watch?v=ILMFgu46v8g	1
https://www.youtube.com/user/FoxNewsChannel/videos	https://www.youtube.com/watch?v=gCyjzGH8FH4	1
https://www.youtube.com/user/FoxNewsChannel/videos	https://www.youtube.com/watch?v=prRokei1Xus	1
https://www.youtube.com/user/FoxNewsChannel/videos	https://www.youtube.com/watch?v=481tTjjTczk	1
https://www.youtube.com/user/FoxNewsChannel/videos	https://www.youtube.com/watch?v=ILMFgu46v8g	1
https://www.youtube.com/user/FoxNewsChannel/videos	https://www.youtube.com/watch?v=u1JkLXAN4-8	1
https://www.youtube.com/user/FoxNewsChannel/videos	https://www.youtube.com/watch?v=pAxiUUCPs6Y	1
https://www.youtube.com/user/FoxNewsChannel/videos	https://www.youtube.com/watch?v=481tTjjTczk	1
https://www.youtube.com/user/FoxNewsChannel/videos	https://www.youtube.com/watch?v=ILMFgu46v8g	1
https://www.youtube.com/user/FoxNewsChannel/videos	https://www.youtube.com/watch?v=npui2mJCChA	1
https://www.youtube.com/user/FoxNewsChannel/videos	https://www.youtube.com/watch?v=gCyjzGH8FH4	1
https://www.youtube.com/user/FoxNewsChannel/videos	https://www.youtube.com/watch?v=Yn6AU-lLjSw	1
https://www.youtube.com/user/FoxNewsChannel/videos	https://www.youtube.com/watch?v=prRokei1Xus	1
https://www.youtube.com/user/FoxNewsChannel/videos	https://www.youtube.com/watch?v=AWvhgFl35-Q	1
https://www.youtube.com/user/FoxNewsChannel/videos	https://www.youtube.com/watch?v=1FdvZjFa5pM	1
https://www.youtube.com/user/FoxNewsChannel/videos	https://www.youtube.com/watch?v=43nh_tFcU-k	1
https://www.youtube.com/user/FoxNewsChannel/videos	https://www.youtube.com/watch?v=481tTjjTczk	1
https://www.youtube.com/user/FoxNewsChannel/videos	https://www.youtube.com/watch?v=iNGd64nt2Wk	1
https://www.youtube.com/user/FoxNewsChannel/videos	https://www.youtube.com/watch?v=KvpnMooNWQg	1
https://www.youtube.com/user/FoxNewsChannel/videos	https://www.youtube.com/watch?v=6Xs0FA5M5Lc	1
https://www.youtube.com/user/FoxNewsChannel/videos	https://www.youtube.com/watch?v=u1JkLXAN4-8	1
https://www.youtube.com/user/FoxNewsChannel/videos	https://www.youtube.com/watch?v=Yn6AU-lLjSw	1
https://www.youtube.com/user/FoxNewsChannel/videos	https://www.youtube.com/watch?v=rqIhMd9JEdE	1
https://www.youtube.com/user/FoxNewsChannel/videos	https://www.youtube.com/watch?v=7KzHrL8_mWA	1
https://www.youtube.com/user/FoxNewsChannel/videos	https://www.youtube.com/watch?v=43nh_tFcU-k	1
https://www.youtube.com/user/FoxNewsChannel/videos	https://www.youtube.com/watch?v=43nh_tFcU-k	1
https://www.youtube.com/user/FoxNewsChannel/videos	https://www.youtube.com/watch?v=46yxmiXle7I	1
https://www.youtube.com/user/FoxNewsChannel/videos	https://www.youtube.com/watch?v=RVYsMvfyxeQ	1
https://www.youtube.com/user/FoxNewsChannel/videos	https://www.youtube.com/watch?v=pAxiUUCPs6Y	1
https://www.youtube.com/user/FoxNewsChannel/videos	https://www.youtube.com/watch?v=iNGd64nt2Wk	1
https://www.youtube.com/user/FoxNewsChannel/videos	https://www.youtube.com/watch?v=AWvhgFl35-Q	1
https://www.youtube.com/user/FoxNewsChannel/videos	https://www.youtube.com/watch?v=WaeZO1HkFKY	1
https://www.youtube.com/user/FoxNewsChannel/videos	https://www.youtube.com/watch?v=WaeZO1HkFKY	1
https://www.youtube.com/user/FoxNewsChannel/videos	https://www.youtube.com/watch?v=6Xs0FA5M5Lc	1
https://www.youtube.com/user/FoxNewsChannel/videos	https://www.youtube.com/watch?v=43nh_tFcU-k	1
https://www.youtube.com/user/FoxNewsChannel/videos	https://www.youtube.com/watch?v=prRokei1Xus	1
https://www.youtube.com/user/FoxNewsChannel/videos	https://www.youtube.com/watch?v=WaeZO1HkFKY	1
https://www.youtube.com/user/FoxNewsChannel/videos	https://www.youtube.com/watch?v=piJPOpFhIm0	1
https://www.youtube.com/user/FoxNewsChannel/videos	https://www.youtube.com/watch?v=prRokei1Xus	1
https://www.youtube.com/user/FoxNewsChannel/videos	https://www.youtube.com/watch?v=7_O9Q8GdLnc	1
https://www.youtube.com/user/FoxNewsChannel/videos	https://www.youtube.com/watch?v=43nh_tFcU-k	1
https://www.youtube.com/user/FoxNewsChannel/videos	https://www.youtube.com/watch?v=Q3MjRHCX76A	1
https://www.youtube.com/user/FoxNewsChannel/videos	https://www.youtube.com/watch?v=ILMFgu46v8g	1
https://www.youtube.com/user/FoxNewsChannel/videos	https://www.youtube.com/watch?v=RVYsMvfyxeQ	1
https://www.youtube.com/user/FoxNewsChannel/videos	https://www.youtube.com/watch?v=AWvhgFl35-Q	1
https://www.youtube.com/user/FoxNewsChannel/videos	https://www.youtube.com/watch?v=7_O9Q8GdLnc	1
https://www.youtube.com/user/FoxNewsChannel/videos	https://www.youtube.com/watch?v=wwsv4hJlmjc	1
https://www.youtube.com/user/FoxNewsChannel/videos	https://www.youtube.com/watch?v=KvpnMooNWQg	1
https://www.youtube.com/user/FoxNewsChannel/videos	https://www.youtube.com/watch?v=iNGd64nt2Wk	1
https://www.youtube.com/user/FoxNewsChannel/videos	https://www.youtube.com/watch?v=piJPOpFhIm0	1
https://www.youtube.com/user/FoxNewsChannel/videos	https://www.youtube.com/watch?v=7_O9Q8GdLnc	1
https://www.youtube.com/user/FoxNewsChannel/videos	https://www.youtube.com/watch?v=43nh_tFcU-k	1
https://www.youtube.com/user/FoxNewsChannel/videos	https://www.youtube.com/watch?v=1FdvZjFa5pM	1
https://www.youtube.com/user/FoxNewsChannel/videos	https://www.youtube.com/watch?v=7KzHrL8_mWA	1
https://www.youtube.com/user/FoxNewsChannel/videos	https://www.youtube.com/watch?v=6Xs0FA5M5Lc	1
https://www.youtube.com/user/FoxNewsChannel/videos	https://www.youtube.com/watch?v=8yqX7m6wJN8	1
https://www.youtube.com/user/FoxNewsChannel/videos	https://www.youtube.com/watch?v=481tTjjTczk	1
https://www.youtube.com/user/FoxNewsChannel/videos	https://www.youtube.com/watch?v=KvpnMooNWQg	1
https://www.youtube.com/user/FoxNewsChannel/videos	https://www.youtube.com/watch?v=7KzHrL8_mWA	1
https://www.youtube.com/user/FoxNewsChannel/videos	https://www.youtube.com/watch?v=AWvhgFl35-Q	1
https://www.youtube.com/user/FoxNewsChannel/videos	https://www.youtube.com/watch?v=kppYRQx8DA4	1
https://www.youtube.com/user/FoxNewsChannel/videos	https://www.youtube.com/watch?v=AWvhgFl35-Q	1
https://www.youtube.com/user/FoxNewsChannel/videos	https://www.youtube.com/watch?v=7KzHrL8_mWA	1
https://www.youtube.com/user/FoxNewsChannel/videos	https://www.youtube.com/watch?v=rqIhMd9JEdE	1
https://www.youtube.com/user/FoxNewsChannel/videos	https://www.youtube.com/watch?v=ILMFgu46v8g	1
https://www.youtube.com/user/FoxNewsChannel/videos	https://www.youtube.com/watch?v=7KzHrL8_mWA	1
https://www.youtube.com/user/FoxNewsChannel/videos	https://www.youtube.com/watch?v=7_O9Q8GdLnc	1
https://www.youtube.com/user/FoxNewsChannel/videos	https://www.youtube.com/watch?v=Yn6AU-lLjSw	1
https://www.youtube.com/user/FoxNewsChannel/videos	https://www.youtube.com/watch?v=ILMFgu46v8g	1
https://www.youtube.com/user/FoxNewsChannel/videos	https://www.youtube.com/watch?v=npui2mJCChA	1
https://www.youtube.com/user/FoxNewsChannel/videos	https://www.youtube.com/watch?v=kppYRQx8DA4	1
https://www.youtube.com/user/FoxNewsChannel/videos	https://www.youtube.com/watch?v=KvpnMooNWQg	1
https://www.youtube.com/user/FoxNewsChannel/videos	https://www.youtube.com/watch?v=481tTjjTczk	1
https://www.youtube.com/user/FoxNewsChannel/videos	https://www.youtube.com/watch?v=Yn6AU-lLjSw	1
https://www.youtube.com/user/FoxNewsChannel/videos	https://www.youtube.com/watch?v=bEKYc61b0_E	1
https://www.youtube.com/user/FoxNewsChannel/videos	https://www.youtube.com/watch?v=kppYRQx8DA4	1
https://www.youtube.com/user/FoxNewsChannel/videos	https://www.youtube.com/watch?v=481tTjjTczk	1
https://www.youtube.com/user/FoxNewsChannel/videos	https://www.youtube.com/watch?v=piJPOpFhIm0	1
https://www.youtube.com/user/FoxNewsChannel/videos	https://www.youtube.com/watch?v=gCyjzGH8FH4	1
https://www.youtube.com/user/FoxNewsChannel/videos	https://www.youtube.com/watch?v=iNGd64nt2Wk	1
https://www.youtube.com/user/FoxNewsChannel/videos	https://www.youtube.com/watch?v=DOOnw7Yv9oQ	1
https://www.youtube.com/user/FoxNewsChannel/videos	https://www.youtube.com/watch?v=46yxmiXle7I	1
https://www.youtube.com/user/FoxNewsChannel/videos	https://www.youtube.com/watch?v=rqIhMd9JEdE	1
https://www.youtube.com/user/FoxNewsChannel/videos	https://www.youtube.com/watch?v=rqIhMd9JEdE	1
https://www.youtube.com/user/FoxNewsChannel/videos	https://www.youtube.com/watch?v=8yqX7m6wJN8	1
https://www.youtube.com/user/FoxNewsChannel/videos	https://www.youtube.com/watch?v=AWvhgFl35-Q	1
https://www.youtube.com/user/FoxNewsChannel/videos	https://www.youtube.com/watch?v=1FdvZjFa5pM	1
https://www.youtube.com/user/FoxNewsChannel/videos	https://www.youtube.com/watch?v=bEKYc61b0_E	1
https://www.youtube.com/user/FoxNewsChannel/videos	https://www.youtube.com/watch?v=Q3MjRHCX76A	1
https://www.youtube.com/user/FoxNewsChannel/videos	https://www.youtube.com/watch?v=DOOnw7Yv9oQ	1
https://www.youtube.com/user/FoxNewsChannel/videos	https://www.youtube.com/watch?v=ILMFgu46v8g	1
https://www.youtube.com/user/FoxNewsChannel/videos	https://www.youtube.com/watch?v=pAxiUUCPs6Y	1
https://www.youtube.com/user/FoxNewsChannel/videos	https://www.youtube.com/watch?v=7KzHrL8_mWA	1
https://www.youtube.com/user/FoxNewsChannel/videos	https://www.youtube.com/watch?v=ILMFgu46v8g	1
https://www.youtube.com/user/FoxNewsChannel/videos	https://www.youtube.com/watch?v=gCyjzGH8FH4	1
https://www.youtube.com/user/FoxNewsChannel/videos	https://www.youtube.com/watch?v=bEKYc61b0_E	1
https://www.youtube.com/user/FoxNewsChannel/videos	https://www.youtube.com/watch?v=46yxmiXle7I	1
https://www.youtube.com/user/FoxNewsChannel/videos	https://www.youtube.com/watch?v=AWvhgFl35-Q	1
https://www.youtube.com/user/FoxNewsChannel/videos	https://www.youtube.com/watch?v=Yn6AU-lLjSw	1
https://www.youtube.com/user/FoxNewsChannel/videos	https://www.youtube.com/watch?v=6Xs0FA5M5Lc	1
https://www.youtube.com/user/FoxNewsChannel/videos	https://www.youtube.com/watch?v=6Xs0FA5M5Lc	1
https://www.youtube.com/user/FoxNewsChannel/videos	https://www.youtube.com/watch?v=AWvhgFl35-Q	1
https://www.youtube.com/user/FoxNewsChannel/videos	https://www.youtube.com/watch?v=kppYRQx8DA4	1
https://www.youtube.com/user/FoxNewsChannel/videos	https://www.youtube.com/watch?v=u1JkLXAN4-8	1
https://www.youtube.com/user/FoxNewsChannel/videos	https://www.youtube.com/watch?v=DOOnw7Yv9oQ	1
https://www.youtube.com/user/FoxNewsChannel/videos	https://www.youtube.com/watch?v=43nh_tFcU-k	1
https://www.youtube.com/user/FoxNewsChannel/videos	https://www.youtube.com/watch?v=Q3MjRHCX76A	1
https://www.youtube.com/user/FoxNewsChannel/videos	https://www.youtube.com/watch?v=RVYsMvfyxeQ	1
https://www.youtube.com/user/FoxNewsChannel/videos	https://www.youtube.com/watch?v=DOOnw7Yv9oQ	1
https://www.youtube.com/user/FoxNewsChannel/videos	https://www.youtube.com/watch?v=bEKYc61b0_E	1
https://www.youtube.com/user/FoxNewsChannel/videos	https://www.youtube.com/watch?v=piJPOpFhIm0	1
https://www.youtube.com/user/FoxNewsChannel/videos	https://www.youtube.com/watch?v=7_O9Q8GdLnc	1
https://www.youtube.com/user/FoxNewsChannel/videos	https://www.youtube.com/watch?v=rqIhMd9JEdE	1
https://www.youtube.com/user/FoxNewsChannel/videos	https://www.youtube.com/watch?v=Q3MjRHCX76A	1
https://www.youtube.com/user/FoxNewsChannel/videos	https://www.youtube.com/watch?v=piJPOpFhIm0	1
https://www.youtube.com/user/FoxNewsChannel/videos	https://www.youtube.com/watch?v=KvpnMooNWQg	1
https://www.youtube.com/user/FoxNewsChannel/videos	https://www.youtube.com/watch?v=7_O9Q8GdLnc	1
https://www.youtube.com/user/FoxNewsChannel/videos	https://www.youtube.com/watch?v=u1JkLXAN4-8	1
https://www.youtube.com/user/FoxNewsChannel/videos	https://www.youtube.com/watch?v=u1JkLXAN4-8	1
https://www.youtube.com/user/FoxNewsChannel/videos	https://www.youtube.com/watch?v=bEKYc61b0_E	1
https://www.youtube.com/user/FoxNewsChannel/videos	https://www.youtube.com/watch?v=u1JkLXAN4-8	1
https://www.youtube.com/user/FoxNewsChannel/videos	https://www.youtube.com/watch?v=46yxmiXle7I	1
https://www.youtube.com/user/FoxNewsChannel/videos	https://www.youtube.com/watch?v=6Xs0FA5M5Lc	1
https://www.youtube.com/user/FoxNewsChannel/videos	https://www.youtube.com/watch?v=DOOnw7Yv9oQ	1
https://www.youtube.com/user/FoxNewsChannel/videos	https://www.youtube.com/watch?v=1FdvZjFa5pM	1
https://www.youtube.com/user/FoxNewsChannel/videos	https://www.youtube.com/watch?v=481tTjjTczk	1
https://www.youtube.com/user/FoxNewsChannel/videos	https://www.youtube.com/watch?v=7_O9Q8GdLnc	1
https://www.youtube.com/user/FoxNewsChannel/videos	https://www.youtube.com/watch?v=6Xs0FA5M5Lc	1
https://www.youtube.com/user/FoxNewsChannel/videos	https://www.youtube.com/watch?v=kppYRQx8DA4	1
https://www.youtube.com/user/FoxNewsChannel/videos	https://www.youtube.com/watch?v=Q3MjRHCX76A	1
https://www.youtube.com/user/FoxNewsChannel/videos	https://www.youtube.com/watch?v=ILMFgu46v8g	1
https://www.youtube.com/user/FoxNewsChannel/videos	https://www.youtube.com/watch?v=DOOnw7Yv9oQ	1
https://www.youtube.com/user/FoxNewsChannel/videos	https://www.youtube.com/watch?v=u1JkLXAN4-8	1
https://www.youtube.com/user/FoxNewsChannel/videos	https://www.youtube.com/watch?v=bEKYc61b0_E	1
https://www.youtube.com/user/FoxNewsChannel/videos	https://www.youtube.com/watch?v=iNGd64nt2Wk	1
https://www.youtube.com/user/FoxNewsChannel/videos	https://www.youtube.com/watch?v=WaeZO1HkFKY	1
https://www.youtube.com/user/FoxNewsChannel/videos	https://www.youtube.com/watch?v=Yn6AU-lLjSw	1
https://www.youtube.com/user/FoxNewsChannel/videos	https://www.youtube.com/watch?v=481tTjjTczk	1
https://www.youtube.com/user/FoxNewsChannel/videos	https://www.youtube.com/watch?v=u1JkLXAN4-8	1
https://www.youtube.com/user/FoxNewsChannel/videos	https://www.youtube.com/watch?v=npui2mJCChA	1
https://www.youtube.com/user/FoxNewsChannel/videos	https://www.youtube.com/watch?v=iNGd64nt2Wk	1
https://www.youtube.com/user/FoxNewsChannel/videos	https://www.youtube.com/watch?v=rqIhMd9JEdE	1
https://www.youtube.com/user/FoxNewsChannel/videos	https://www.youtube.com/watch?v=481tTjjTczk	1
https://www.youtube.com/user/FoxNewsChannel/videos	https://www.youtube.com/watch?v=prRokei1Xus	1
https://www.youtube.com/user/FoxNewsChannel/videos	https://www.youtube.com/watch?v=8yqX7m6wJN8	1
https://www.youtube.com/user/FoxNewsChannel/videos	https://www.youtube.com/watch?v=WaeZO1HkFKY	1
https://www.youtube.com/user/FoxNewsChannel/videos	https://www.youtube.com/watch?v=piJPOpFhIm0	1
https://www.youtube.com/user/FoxNewsChannel/videos	https://www.youtube.com/watch?v=43nh_tFcU-k	1
https://www.youtube.com/user/FoxNewsChannel/videos	https://www.youtube.com/watch?v=43nh_tFcU-k	1
https://www.youtube.com/user/FoxNewsChannel/videos	https://www.youtube.com/watch?v=AWvhgFl35-Q	1
https://www.youtube.com/user/FoxNewsChannel/videos	https://www.youtube.com/watch?v=8yqX7m6wJN8	1
https://www.youtube.com/user/FoxNewsChannel/videos	https://www.youtube.com/watch?v=8yqX7m6wJN8	1
https://www.youtube.com/user/FoxNewsChannel/videos	https://www.youtube.com/watch?v=43nh_tFcU-k	1
https://www.youtube.com/user/FoxNewsChannel/videos	https://www.youtube.com/watch?v=481tTjjTczk	1
https://www.youtube.com/user/FoxNewsChannel/videos	https://www.youtube.com/watch?v=kppYRQx8DA4	1
https://www.youtube.com/user/FoxNewsChannel/videos	https://www.youtube.com/watch?v=481tTjjTczk	1
https://www.youtube.com/user/FoxNewsChannel/videos	https://www.youtube.com/watch?v=7_O9Q8GdLnc	1
https://www.youtube.com/user/FoxNewsChannel/videos	https://www.youtube.com/watch?v=RVYsMvfyxeQ	1
https://www.youtube.com/user/FoxNewsChannel/videos	https://www.youtube.com/watch?v=gCyjzGH8FH4	1
https://www.youtube.com/user/FoxNewsChannel/videos	https://www.youtube.com/watch?v=1FdvZjFa5pM	1
https://www.youtube.com/user/FoxNewsChannel/videos	https://www.youtube.com/watch?v=bEKYc61b0_E	1
https://www.youtube.com/user/FoxNewsChannel/videos	https://www.youtube.com/watch?v=piJPOpFhIm0	1
https://www.youtube.com/user/FoxNewsChannel/videos	https://www.youtube.com/watch?v=AWvhgFl35-Q	1
https://www.youtube.com/user/FoxNewsChannel/videos	https://www.youtube.com/watch?v=npui2mJCChA	1
https://www.youtube.com/user/FoxNewsChannel/videos	https://www.youtube.com/watch?v=7_O9Q8GdLnc	1
https://www.youtube.com/user/FoxNewsChannel/videos	https://www.youtube.com/watch?v=6Xs0FA5M5Lc	1
https://www.youtube.com/user/FoxNewsChannel/videos	https://www.youtube.com/watch?v=1FdvZjFa5pM	1
https://www.youtube.com/user/FoxNewsChannel/videos	https://www.youtube.com/watch?v=DOOnw7Yv9oQ	1
https://www.youtube.com/user/FoxNewsChannel/videos	https://www.youtube.com/watch?v=46yxmiXle7I	1
https://www.youtube.com/user/FoxNewsChannel/videos	https://www.youtube.com/watch?v=piJPOpFhIm0	1
https://www.youtube.com/user/FoxNewsChannel/videos	https://www.youtube.com/watch?v=gCyjzGH8FH4	1
https://www.youtube.com/user/FoxNewsChannel/videos	https://www.youtube.com/watch?v=6Xs0FA5M5Lc	1
https://www.youtube.com/user/FoxNewsChannel/videos	https://www.youtube.com/watch?v=7_O9Q8GdLnc	1
https://www.youtube.com/user/FoxNewsChannel/videos	https://www.youtube.com/watch?v=RVYsMvfyxeQ	1
https://www.youtube.com/user/FoxNewsChannel/videos	https://www.youtube.com/watch?v=7_O9Q8GdLnc	1
https://www.youtube.com/user/FoxNewsChannel/videos	https://www.youtube.com/watch?v=AWvhgFl35-Q	1
https://www.youtube.com/user/FoxNewsChannel/videos	https://www.youtube.com/watch?v=bEKYc61b0_E	1
https://www.youtube.com/user/FoxNewsChannel/videos	https://www.youtube.com/watch?v=KvpnMooNWQg	1
https://www.youtube.com/user/FoxNewsChannel/videos	https://www.youtube.com/watch?v=kppYRQx8DA4	1
https://www.youtube.com/user/FoxNewsChannel/videos	https://www.youtube.com/watch?v=kppYRQx8DA4	1
https://www.youtube.com/user/FoxNewsChannel/videos	https://www.youtube.com/watch?v=u1JkLXAN4-8	1
https://www.youtube.com/user/FoxNewsChannel/videos	https://www.youtube.com/watch?v=46yxmiXle7I	1
https://www.youtube.com/user/FoxNewsChannel/videos	https://www.youtube.com/watch?v=kppYRQx8DA4	1
https://www.youtube.com/user/FoxNewsChannel/videos	https://www.youtube.com/watch?v=46yxmiXle7I	1
https://www.youtube.com/user/FoxNewsChannel/videos	https://www.youtube.com/watch?v=wwsv4hJlmjc	1
https://www.youtube.com/user/FoxNewsChannel/videos	https://www.youtube.com/watch?v=6Xs0FA5M5Lc	1
https://www.youtube.com/user/FoxNewsChannel/videos	https://www.youtube.com/watch?v=ILMFgu46v8g	1
https://www.youtube.com/user/FoxNewsChannel/videos	https://www.youtube.com/watch?v=gCyjzGH8FH4	1
https://www.youtube.com/user/FoxNewsChannel/videos	https://www.youtube.com/watch?v=kppYRQx8DA4	1
https://www.youtube.com/user/FoxNewsChannel/videos	https://www.youtube.com/watch?v=pAxiUUCPs6Y	1
https://www.youtube.com/user/FoxNewsChannel/videos	https://www.youtube.com/watch?v=RVYsMvfyxeQ	1
https://www.youtube.com/user/FoxNewsChannel/videos	https://www.youtube.com/watch?v=gCyjzGH8FH4	1
https://www.youtube.com/user/FoxNewsChannel/videos	https://www.youtube.com/watch?v=DOOnw7Yv9oQ	1
https://www.youtube.com/user/FoxNewsChannel/videos	https://www.youtube.com/watch?v=1FdvZjFa5pM	1
https://www.youtube.com/user/FoxNewsChannel/videos	https://www.youtube.com/watch?v=WaeZO1HkFKY	1
https://www.youtube.com/user/FoxNewsChannel/videos	https://www.youtube.com/watch?v=u1JkLXAN4-8	1
https://www.youtube.com/user/FoxNewsChannel/videos	https://www.youtube.com/watch?v=1FdvZjFa5pM	1
https://www.youtube.com/user/FoxNewsChannel/videos	https://www.youtube.com/watch?v=WaeZO1HkFKY	1
https://www.youtube.com/user/FoxNewsChannel/videos	https://www.youtube.com/watch?v=DOOnw7Yv9oQ	1
https://www.youtube.com/user/FoxNewsChannel/videos	https://www.youtube.com/watch?v=npui2mJCChA	1
https://www.youtube.com/user/FoxNewsChannel/videos	https://www.youtube.com/watch?v=KvpnMooNWQg	1
https://www.youtube.com/user/FoxNewsChannel/videos	https://www.youtube.com/watch?v=Yn6AU-lLjSw	1
https://www.youtube.com/user/FoxNewsChannel/videos	https://www.youtube.com/watch?v=6Xs0FA5M5Lc	1
https://www.youtube.com/user/FoxNewsChannel/videos	https://www.youtube.com/watch?v=KvpnMooNWQg	1
https://www.youtube.com/user/FoxNewsChannel/videos	https://www.youtube.com/watch?v=u1JkLXAN4-8	1
https://www.youtube.com/user/FoxNewsChannel/videos	https://www.youtube.com/watch?v=7_O9Q8GdLnc	1
https://www.youtube.com/user/FoxNewsChannel/videos	https://www.youtube.com/watch?v=46yxmiXle7I	1
https://www.youtube.com/user/FoxNewsChannel/videos	https://www.youtube.com/watch?v=pAxiUUCPs6Y	1
https://www.youtube.com/user/FoxNewsChannel/videos	https://www.youtube.com/watch?v=prRokei1Xus	1
https://www.youtube.com/user/FoxNewsChannel/videos	https://www.youtube.com/watch?v=DOOnw7Yv9oQ	1
https://www.youtube.com/user/FoxNewsChannel/videos	https://www.youtube.com/watch?v=8yqX7m6wJN8	1
https://www.youtube.com/user/FoxNewsChannel/videos	https://www.youtube.com/watch?v=gCyjzGH8FH4	1
https://www.youtube.com/user/FoxNewsChannel/videos	https://www.youtube.com/watch?v=rqIhMd9JEdE	1
https://www.youtube.com/user/FoxNewsChannel/videos	https://www.youtube.com/watch?v=gCyjzGH8FH4	1
https://www.youtube.com/user/FoxNewsChannel/videos	https://www.youtube.com/watch?v=bEKYc61b0_E	1
https://www.youtube.com/user/FoxNewsChannel/videos	https://www.youtube.com/watch?v=iNGd64nt2Wk	1
https://www.youtube.com/user/FoxNewsChannel/videos	https://www.youtube.com/watch?v=u1JkLXAN4-8	1
https://www.youtube.com/user/FoxNewsChannel/videos	https://www.youtube.com/watch?v=46yxmiXle7I	1
https://www.youtube.com/user/FoxNewsChannel/videos	https://www.youtube.com/watch?v=Q3MjRHCX76A	1
https://www.youtube.com/user/FoxNewsChannel/videos	https://www.youtube.com/watch?v=prRokei1Xus	1
https://www.youtube.com/user/FoxNewsChannel/videos	https://www.youtube.com/watch?v=bEKYc61b0_E	1
https://www.youtube.com/user/FoxNewsChannel/videos	https://www.youtube.com/watch?v=ILMFgu46v8g	1
https://www.youtube.com/user/FoxNewsChannel/videos	https://www.youtube.com/watch?v=AWvhgFl35-Q	1
https://www.youtube.com/user/FoxNewsChannel/videos	https://www.youtube.com/watch?v=KvpnMooNWQg	1
https://www.youtube.com/user/FoxNewsChannel/videos	https://www.youtube.com/watch?v=43nh_tFcU-k	1
https://www.youtube.com/user/FoxNewsChannel/videos	https://www.youtube.com/watch?v=kppYRQx8DA4	1
https://www.youtube.com/user/FoxNewsChannel/videos	https://www.youtube.com/watch?v=gCyjzGH8FH4	1
https://www.youtube.com/user/FoxNewsChannel/videos	https://www.youtube.com/watch?v=6Xs0FA5M5Lc	1
https://www.youtube.com/user/FoxNewsChannel/videos	https://www.youtube.com/watch?v=Yn6AU-lLjSw	1
https://www.youtube.com/user/FoxNewsChannel/videos	https://www.youtube.com/watch?v=kppYRQx8DA4	1
https://www.youtube.com/user/FoxNewsChannel/videos	https://www.youtube.com/watch?v=Q3MjRHCX76A	1
https://www.youtube.com/user/FoxNewsChannel/videos	https://www.youtube.com/watch?v=1FdvZjFa5pM	1
https://www.youtube.com/user/FoxNewsChannel/videos	https://www.youtube.com/watch?v=8yqX7m6wJN8	1
https://www.youtube.com/user/FoxNewsChannel/videos	https://www.youtube.com/watch?v=KvpnMooNWQg	1
https://www.youtube.com/user/FoxNewsChannel/videos	https://www.youtube.com/watch?v=WaeZO1HkFKY	1
https://www.youtube.com/user/FoxNewsChannel/videos	https://www.youtube.com/watch?v=8yqX7m6wJN8	1
https://www.youtube.com/user/FoxNewsChannel/videos	https://www.youtube.com/watch?v=prRokei1Xus	1
https://www.youtube.com/user/FoxNewsChannel/videos	https://www.youtube.com/watch?v=AWvhgFl35-Q	1
https://www.youtube.com/user/FoxNewsChannel/videos	https://www.youtube.com/watch?v=wwsv4hJlmjc	1
https://www.youtube.com/user/FoxNewsChannel/videos	https://www.youtube.com/watch?v=7_O9Q8GdLnc	1
https://www.youtube.com/user/FoxNewsChannel/videos	https://www.youtube.com/watch?v=wwsv4hJlmjc	1
https://www.youtube.com/user/FoxNewsChannel/videos	https://www.youtube.com/watch?v=pAxiUUCPs6Y	1
https://www.youtube.com/user/FoxNewsChannel/videos	https://www.youtube.com/watch?v=ILMFgu46v8g	1
https://www.youtube.com/user/FoxNewsChannel/videos	https://www.youtube.com/watch?v=kppYRQx8DA4	1
https://www.youtube.com/user/FoxNewsChannel/videos	https://www.youtube.com/watch?v=WaeZO1HkFKY	1
https://www.youtube.com/user/FoxNewsChannel/videos	https://www.youtube.com/watch?v=1FdvZjFa5pM	1
https://www.youtube.com/user/FoxNewsChannel/videos	https://www.youtube.com/watch?v=Q3MjRHCX76A	1
https://www.youtube.com/user/FoxNewsChannel/videos	https://www.youtube.com/watch?v=Q3MjRHCX76A	1
https://www.youtube.com/user/FoxNewsChannel/videos	https://www.youtube.com/watch?v=prRokei1Xus	1
https://www.youtube.com/user/FoxNewsChannel/videos	https://www.youtube.com/watch?v=npui2mJCChA	1
https://www.youtube.com/user/FoxNewsChannel/videos	https://www.youtube.com/watch?v=7KzHrL8_mWA	1
https://www.youtube.com/user/FoxNewsChannel/videos	https://www.youtube.com/watch?v=ILMFgu46v8g	1
https://www.youtube.com/user/FoxNewsChannel/videos	https://www.youtube.com/watch?v=46yxmiXle7I	1
https://www.youtube.com/user/FoxNewsChannel/videos	https://www.youtube.com/watch?v=481tTjjTczk	1
https://www.youtube.com/user/FoxNewsChannel/videos	https://www.youtube.com/watch?v=wwsv4hJlmjc	1
https://www.youtube.com/user/FoxNewsChannel/videos	https://www.youtube.com/watch?v=Q3MjRHCX76A	1
https://www.youtube.com/user/FoxNewsChannel/videos	https://www.youtube.com/watch?v=bEKYc61b0_E	1
https://www.youtube.com/user/FoxNewsChannel/videos	https://www.youtube.com/watch?v=piJPOpFhIm0	1
https://www.youtube.com/user/FoxNewsChannel/videos	https://www.youtube.com/watch?v=46yxmiXle7I	1
https://www.youtube.com/user/FoxNewsChannel/videos	https://www.youtube.com/watch?v=prRokei1Xus	1
https://www.youtube.com/user/FoxNewsChannel/videos	https://www.youtube.com/watch?v=wwsv4hJlmjc	1
https://www.youtube.com/user/FoxNewsChannel/videos	https://www.youtube.com/watch?v=rqIhMd9JEdE	1
https://www.youtube.com/user/FoxNewsChannel/videos	https://www.youtube.com/watch?v=KvpnMooNWQg	1
https://www.youtube.com/user/FoxNewsChannel/videos	https://www.youtube.com/watch?v=DOOnw7Yv9oQ	1
https://www.youtube.com/user/FoxNewsChannel/videos	https://www.youtube.com/watch?v=prRokei1Xus	1
https://www.youtube.com/user/FoxNewsChannel/videos	https://www.youtube.com/watch?v=prRokei1Xus	1
https://www.youtube.com/user/FoxNewsChannel/videos	https://www.youtube.com/watch?v=43nh_tFcU-k	1
https://www.youtube.com/user/FoxNewsChannel/videos	https://www.youtube.com/watch?v=KvpnMooNWQg	1
https://www.youtube.com/user/FoxNewsChannel/videos	https://www.youtube.com/watch?v=Q3MjRHCX76A	1
https://www.youtube.com/user/FoxNewsChannel/videos	https://www.youtube.com/watch?v=pAxiUUCPs6Y	1
https://www.youtube.com/user/FoxNewsChannel/videos	https://www.youtube.com/watch?v=kppYRQx8DA4	1
https://www.youtube.com/user/FoxNewsChannel/videos	https://www.youtube.com/watch?v=Yn6AU-lLjSw	1
https://www.youtube.com/user/FoxNewsChannel/videos	https://www.youtube.com/watch?v=6Xs0FA5M5Lc	1
https://www.youtube.com/user/FoxNewsChannel/videos	https://www.youtube.com/watch?v=46yxmiXle7I	1
https://www.youtube.com/user/FoxNewsChannel/videos	https://www.youtube.com/watch?v=Q3MjRHCX76A	1
https://www.youtube.com/user/FoxNewsChannel/videos	https://www.youtube.com/watch?v=bEKYc61b0_E	1
https://www.youtube.com/user/FoxNewsChannel/videos	https://www.youtube.com/watch?v=46yxmiXle7I	1
https://www.youtube.com/user/FoxNewsChannel/videos	https://www.youtube.com/watch?v=ILMFgu46v8g	1
https://www.youtube.com/user/FoxNewsChannel/videos	https://www.youtube.com/watch?v=7KzHrL8_mWA	1
https://www.youtube.com/user/FoxNewsChannel/videos	https://www.youtube.com/watch?v=bEKYc61b0_E	1
https://www.youtube.com/user/FoxNewsChannel/videos	https://www.youtube.com/watch?v=iNGd64nt2Wk	1
https://www.youtube.com/user/FoxNewsChannel/videos	https://www.youtube.com/watch?v=rqIhMd9JEdE	1
https://www.youtube.com/user/FoxNewsChannel/videos	https://www.youtube.com/watch?v=KvpnMooNWQg	1
https://www.youtube.com/user/FoxNewsChannel/videos	https://www.youtube.com/watch?v=KvpnMooNWQg	1
https://www.youtube.com/user/FoxNewsChannel/videos	https://www.youtube.com/watch?v=wwsv4hJlmjc	1
https://www.youtube.com/user/FoxNewsChannel/videos	https://www.youtube.com/watch?v=ILMFgu46v8g	1
https://www.youtube.com/user/FoxNewsChannel/videos	https://www.youtube.com/watch?v=prRokei1Xus	1
https://www.youtube.com/user/FoxNewsChannel/videos	https://www.youtube.com/watch?v=ILMFgu46v8g	1
https://www.youtube.com/user/FoxNewsChannel/videos	https://www.youtube.com/watch?v=npui2mJCChA	1
https://www.youtube.com/user/FoxNewsChannel/videos	https://www.youtube.com/watch?v=6Xs0FA5M5Lc	1
https://www.youtube.com/user/FoxNewsChannel/videos	https://www.youtube.com/watch?v=WaeZO1HkFKY	1
https://www.youtube.com/user/FoxNewsChannel/videos	https://www.youtube.com/watch?v=npui2mJCChA	1
https://www.youtube.com/user/FoxNewsChannel/videos	https://www.youtube.com/watch?v=AWvhgFl35-Q	1
https://www.youtube.com/user/FoxNewsChannel/videos	https://www.youtube.com/watch?v=S04_yLnhxmM	1
https://www.youtube.com/user/FoxNewsChannel/videos	https://www.youtube.com/watch?v=bPUA198WrLM	1
https://www.youtube.com/user/FoxNewsChannel/videos	https://www.youtube.com/watch?v=iNGd64nt2Wk	1
https://www.youtube.com/user/FoxNewsChannel/videos	https://www.youtube.com/watch?v=zopTkefjBFI	1
https://www.youtube.com/user/FoxNewsChannel/videos	https://www.youtube.com/watch?v=RCkNCOA5u-g	1
https://www.youtube.com/user/FoxNewsChannel/videos	https://www.youtube.com/watch?v=lqxPuyUm6FM	1
https://www.youtube.com/user/FoxNewsChannel/videos	https://www.youtube.com/watch?v=TyvcY2DH4fg	1
https://www.youtube.com/user/FoxNewsChannel/videos	https://www.youtube.com/watch?v=wwsv4hJlmjc	1
https://www.youtube.com/user/FoxNewsChannel/videos	https://www.youtube.com/watch?v=8LqoLBQ68Uw	1
https://www.youtube.com/user/FoxNewsChannel/videos	https://www.youtube.com/watch?v=KvpnMooNWQg	1
https://www.youtube.com/user/FoxNewsChannel/videos	https://www.youtube.com/watch?v=pAxiUUCPs6Y	1
https://www.youtube.com/user/FoxNewsChannel/videos	https://www.youtube.com/watch?v=2AWuhq1AR2k	1
https://www.youtube.com/user/FoxNewsChannel/videos	https://www.youtube.com/watch?v=BDWhSSYcRZ4	1
https://www.youtube.com/user/FoxNewsChannel/videos	https://www.youtube.com/watch?v=prRokei1Xus	1
https://www.youtube.com/user/FoxNewsChannel/videos	https://www.youtube.com/watch?v=ZvXgHiS9-zQ	1
https://www.youtube.com/user/FoxNewsChannel/videos	https://www.youtube.com/watch?v=Yn6AU-lLjSw	1
https://www.youtube.com/user/FoxNewsChannel/videos	https://www.youtube.com/watch?v=pAxiUUCPs6Y	1
https://www.youtube.com/user/FoxNewsChannel/videos	https://www.youtube.com/watch?v=2prTl_qIXCI	1
https://www.youtube.com/user/FoxNewsChannel/videos	https://www.youtube.com/watch?v=RM7lw0Ovzq0	1
https://www.youtube.com/user/FoxNewsChannel/videos	https://www.youtube.com/watch?v=WgPC5qum4Zc	1
https://www.youtube.com/user/FoxNewsChannel/videos	https://www.youtube.com/watch?v=bc7H4PiS8eY	1
https://www.youtube.com/user/FoxNewsChannel/videos	https://www.youtube.com/watch?v=pAxiUUCPs6Y	1
https://www.youtube.com/user/FoxNewsChannel/videos	https://www.youtube.com/watch?v=TXFmK7VUfAE	1
https://www.youtube.com/user/FoxNewsChannel/videos	https://www.youtube.com/watch?v=cX7ubSkvGi4	1
https://www.youtube.com/user/FoxNewsChannel/videos	https://www.youtube.com/watch?v=4HyKlFUMBiA	1
https://www.youtube.com/user/FoxNewsChannel/videos	https://www.youtube.com/watch?v=46yxmiXle7I	1
https://www.youtube.com/user/FoxNewsChannel/videos	https://www.youtube.com/watch?v=WsZtOSSyEwA	1
https://www.youtube.com/user/FoxNewsChannel/videos	https://www.youtube.com/watch?v=kppYRQx8DA4	1
https://www.youtube.com/user/FoxNewsChannel/videos	https://www.youtube.com/watch?v=PC8GZLi7d7o	1
https://www.youtube.com/user/FoxNewsChannel/videos	https://www.youtube.com/watch?v=w87dlwMlh2o	1
https://www.youtube.com/user/FoxNewsChannel/videos	https://www.youtube.com/watch?v=gavOAfiy_Ns	1
https://www.youtube.com/user/FoxNewsChannel/videos	https://www.youtube.com/watch?v=rJUnGPIL0bg	1
https://www.youtube.com/user/FoxNewsChannel/videos	https://www.youtube.com/watch?v=903KoA5AtFA	1
https://www.youtube.com/user/FoxNewsChannel/videos	https://www.youtube.com/watch?v=n8bK3QMsFKs	1
https://www.youtube.com/user/FoxNewsChannel/videos	https://www.youtube.com/watch?v=prRokei1Xus	1
https://www.youtube.com/user/FoxNewsChannel/videos	https://www.youtube.com/watch?v=zopTkefjBFI	1
https://www.youtube.com/user/FoxNewsChannel/videos	https://www.youtube.com/watch?v=JldL4lKLZlM	1
https://www.youtube.com/user/FoxNewsChannel/videos	https://www.youtube.com/watch?v=Yn6AU-lLjSw	1
https://www.youtube.com/user/FoxNewsChannel/videos	https://www.youtube.com/watch?v=zopTkefjBFI	1
https://www.youtube.com/user/FoxNewsChannel/videos	https://www.youtube.com/watch?v=ZHf0HL_cr8Y	1
https://www.youtube.com/user/FoxNewsChannel/videos	https://www.youtube.com/watch?v=Yn6AU-lLjSw	1
https://www.youtube.com/user/FoxNewsChannel/videos	https://www.youtube.com/watch?v=Q3MjRHCX76A	1
https://www.youtube.com/user/FoxNewsChannel/videos	https://www.youtube.com/watch?v=zopTkefjBFI	1
https://www.youtube.com/user/FoxNewsChannel/videos	https://www.youtube.com/watch?v=wwsv4hJlmjc	1
https://www.youtube.com/user/FoxNewsChannel/videos	https://www.youtube.com/watch?v=pAxiUUCPs6Y	1
https://www.youtube.com/user/FoxNewsChannel/videos	https://www.youtube.com/watch?v=LwfJDzbDAIE	1
https://www.youtube.com/user/FoxNewsChannel/videos	https://www.youtube.com/watch?v=5lfK42hlab0	1
https://www.youtube.com/user/FoxNewsChannel/videos	https://www.youtube.com/watch?v=flStTCVZPso	1
https://www.youtube.com/user/FoxNewsChannel/videos	https://www.youtube.com/watch?v=Q3MjRHCX76A	1
https://www.youtube.com/user/FoxNewsChannel/videos	https://www.youtube.com/watch?v=tHv0RExQsPQ	1
https://www.youtube.com/user/FoxNewsChannel/videos	https://www.youtube.com/watch?v=KvpnMooNWQg	1
https://www.youtube.com/user/FoxNewsChannel/videos	https://www.youtube.com/watch?v=QOcnSJD1Jiw	1
https://www.youtube.com/user/FoxNewsChannel/videos	https://www.youtube.com/watch?v=481tTjjTczk	1
https://www.youtube.com/user/FoxNewsChannel/videos	https://www.youtube.com/watch?v=WgPC5qum4Zc	1
https://www.youtube.com/user/FoxNewsChannel/videos	https://www.youtube.com/watch?v=mD5l-Yft06Y	1
https://www.youtube.com/user/FoxNewsChannel/videos	https://www.youtube.com/watch?v=qiXnQQzZL1E	1
https://www.youtube.com/user/FoxNewsChannel/videos	https://www.youtube.com/watch?v=wwsv4hJlmjc	1
https://www.youtube.com/user/FoxNewsChannel/videos	https://www.youtube.com/watch?v=flStTCVZPso	1
https://www.youtube.com/user/FoxNewsChannel/videos	https://www.youtube.com/watch?v=lvndnTvDZ-k	1
https://www.youtube.com/user/FoxNewsChannel/videos	https://www.youtube.com/watch?v=8LqoLBQ68Uw	1
https://www.youtube.com/user/FoxNewsChannel/videos	https://www.youtube.com/watch?v=Jp68HWyKBws	1
https://www.youtube.com/user/FoxNewsChannel/videos	https://www.youtube.com/watch?v=mnrnsCFEqMM	1
https://www.youtube.com/user/FoxNewsChannel/videos	https://www.youtube.com/watch?v=nC6CH9U2NuE	1
https://www.youtube.com/user/FoxNewsChannel/videos	https://www.youtube.com/watch?v=WgPC5qum4Zc	1
https://www.youtube.com/user/FoxNewsChannel/videos	https://www.youtube.com/watch?v=eNjcAgNu1Ac	1
https://www.youtube.com/user/FoxNewsChannel/videos	https://www.youtube.com/watch?v=Q3MjRHCX76A	1
https://www.youtube.com/user/FoxNewsChannel/videos	https://www.youtube.com/watch?v=5lfK42hlab0	1
https://www.youtube.com/user/FoxNewsChannel/videos	https://www.youtube.com/watch?v=cX7ubSkvGi4	1
https://www.youtube.com/user/FoxNewsChannel/videos	https://www.youtube.com/watch?v=d8nn-sLOu5Y	1
https://www.youtube.com/user/FoxNewsChannel/videos	https://www.youtube.com/watch?v=BzsYP0YQ9y4	1
https://www.youtube.com/user/FoxNewsChannel/videos	https://www.youtube.com/watch?v=LP4H1LCDHPY	1
https://www.youtube.com/user/FoxNewsChannel/videos	https://www.youtube.com/watch?v=pAxiUUCPs6Y	1
https://www.youtube.com/user/FoxNewsChannel/videos	https://www.youtube.com/watch?v=7kQJifNIa1U	1
https://www.youtube.com/user/FoxNewsChannel/videos	https://www.youtube.com/watch?v=prRokei1Xus	1
https://www.youtube.com/user/FoxNewsChannel/videos	https://www.youtube.com/watch?v=_DkwXuGk2x4	1
https://www.youtube.com/user/FoxNewsChannel/videos	https://www.youtube.com/watch?v=pAxiUUCPs6Y	1
https://www.youtube.com/user/FoxNewsChannel/videos	https://www.youtube.com/watch?v=7AaMsXAru10	1
https://www.youtube.com/user/FoxNewsChannel/videos	https://www.youtube.com/watch?v=XOacA3RYrXk	1
https://www.youtube.com/user/FoxNewsChannel/videos	https://www.youtube.com/watch?v=xMFBou-g8o4	1
https://www.youtube.com/user/FoxNewsChannel/videos	https://www.youtube.com/watch?v=kppYRQx8DA4	1
https://www.youtube.com/user/FoxNewsChannel/videos	https://www.youtube.com/watch?v=XTVa7Xra3W0	1
https://www.youtube.com/user/FoxNewsChannel/videos	https://www.youtube.com/watch?v=FthM86dsWYc	1
https://www.youtube.com/user/FoxNewsChannel/videos	https://www.youtube.com/watch?v=UdUIXvwuwto	1
https://www.youtube.com/user/FoxNewsChannel/videos	https://www.youtube.com/watch?v=TZzJbEklD5I	1
https://www.youtube.com/user/FoxNewsChannel/videos	https://www.youtube.com/watch?v=ZvXgHiS9-zQ	1
https://www.youtube.com/user/FoxNewsChannel/videos	https://www.youtube.com/watch?v=3iy-BPksO1g	1
https://www.youtube.com/user/FoxNewsChannel/videos	https://www.youtube.com/watch?v=KvpnMooNWQg	1
https://www.youtube.com/user/FoxNewsChannel/videos	https://www.youtube.com/watch?v=ym4uVS-5tSA	1
https://www.youtube.com/user/FoxNewsChannel/videos	https://www.youtube.com/watch?v=PC8GZLi7d7o	1
https://www.youtube.com/user/FoxNewsChannel/videos	https://www.youtube.com/watch?v=01gELrYvwlM	1
https://www.youtube.com/user/FoxNewsChannel/videos	https://www.youtube.com/watch?v=_zfD4jvbxS8	1
https://www.youtube.com/user/FoxNewsChannel/videos	https://www.youtube.com/watch?v=odF4GSX1y3c	1
https://www.youtube.com/user/FoxNewsChannel/videos	https://www.youtube.com/watch?v=zopTkefjBFI	1
https://www.youtube.com/user/FoxNewsChannel/videos	https://www.youtube.com/watch?v=7R8fE6Vhmsw	1
https://www.youtube.com/user/FoxNewsChannel/videos	https://www.youtube.com/watch?v=_DkwXuGk2x4	1
https://www.youtube.com/user/FoxNewsChannel/videos	https://www.youtube.com/watch?v=3X7RaD_0zzo	1
https://www.youtube.com/user/FoxNewsChannel/videos	https://www.youtube.com/watch?v=ic9NcKtEPGs	1
https://www.youtube.com/user/FoxNewsChannel/videos	https://www.youtube.com/watch?v=-lFJXZ140dc	1
https://www.youtube.com/user/FoxNewsChannel/videos	https://www.youtube.com/watch?v=OwZ9Qa4PXJI	1
https://www.youtube.com/user/FoxNewsChannel/videos	https://www.youtube.com/watch?v=74UKK_N0tEQ	1
https://www.youtube.com/user/FoxNewsChannel/videos	https://www.youtube.com/watch?v=C1nsKIZUEaM	1
https://www.youtube.com/user/FoxNewsChannel/videos	https://www.youtube.com/watch?v=-rQXX3Gxytg	1
https://www.youtube.com/user/FoxNewsChannel/videos	https://www.youtube.com/watch?v=ILMFgu46v8g	1
https://www.youtube.com/user/FoxNewsChannel/videos	https://www.youtube.com/watch?v=9mpwlkc2a5s	1
https://www.youtube.com/user/FoxNewsChannel/videos	https://www.youtube.com/watch?v=xukWkOv4a-w	1
https://www.youtube.com/user/FoxNewsChannel/videos	https://www.youtube.com/watch?v=7kQJifNIa1U	1
https://www.youtube.com/user/FoxNewsChannel/videos	https://www.youtube.com/watch?v=hZOdkVKavng	1
https://www.youtube.com/user/FoxNewsChannel/videos	https://www.youtube.com/watch?v=zqaXXv06FVo	1
https://www.youtube.com/user/FoxNewsChannel/videos	https://www.youtube.com/watch?v=1jIDvwlF6m0	1
https://www.youtube.com/user/FoxNewsChannel/videos	https://www.youtube.com/watch?v=pDbnGupluY4	1
https://www.youtube.com/user/FoxNewsChannel/videos	https://www.youtube.com/watch?v=F4fuVC6zCJI	1
https://www.youtube.com/user/FoxNewsChannel/videos	https://www.youtube.com/watch?v=mD5l-Yft06Y	1
https://www.youtube.com/user/FoxNewsChannel/videos	https://www.youtube.com/watch?v=yhpTinbzhpg	1
https://www.youtube.com/user/FoxNewsChannel/videos	https://www.youtube.com/watch?v=PjU46xgC5TU	1
https://www.youtube.com/user/FoxNewsChannel/videos	https://www.youtube.com/watch?v=903KoA5AtFA	1
https://www.youtube.com/user/FoxNewsChannel/videos	https://www.youtube.com/watch?v=fNKdWyNSiJM	1
https://www.youtube.com/user/FoxNewsChannel/videos	https://www.youtube.com/watch?v=pAxiUUCPs6Y	1
https://www.youtube.com/user/FoxNewsChannel/videos	https://www.youtube.com/watch?v=y1MZ8U8C9c8	1
https://www.youtube.com/user/FoxNewsChannel/videos	https://www.youtube.com/watch?v=KvpnMooNWQg	1
https://www.youtube.com/user/FoxNewsChannel/videos	https://www.youtube.com/watch?v=0VDbf9VsZ88	1
https://www.youtube.com/user/FoxNewsChannel/videos	https://www.youtube.com/watch?v=tLaHGcI7new	1
https://www.youtube.com/user/FoxNewsChannel/videos	https://www.youtube.com/watch?v=Tpe_bEvfd90	1
https://www.youtube.com/user/FoxNewsChannel/videos	https://www.youtube.com/watch?v=hui6u_DyxBs	1
https://www.youtube.com/user/FoxNewsChannel/videos	https://www.youtube.com/watch?v=PC8GZLi7d7o	1
https://www.youtube.com/user/FoxNewsChannel/videos	https://www.youtube.com/watch?v=Tpe_bEvfd90	1
https://www.youtube.com/user/FoxNewsChannel/videos	https://www.youtube.com/watch?v=5bm_j-9nKMI	1
https://www.youtube.com/user/FoxNewsChannel/videos	https://www.youtube.com/watch?v=IUxq3RXOy8Y	1
https://www.youtube.com/user/FoxNewsChannel/videos	https://www.youtube.com/watch?v=cX7ubSkvGi4	1
https://www.youtube.com/user/FoxNewsChannel/videos	https://www.youtube.com/watch?v=u1JkLXAN4-8	1
https://www.youtube.com/user/FoxNewsChannel/videos	https://www.youtube.com/watch?v=-rQXX3Gxytg	1
https://www.youtube.com/user/FoxNewsChannel/videos	https://www.youtube.com/watch?v=kppYRQx8DA4	1
https://www.youtube.com/user/FoxNewsChannel/videos	https://www.youtube.com/watch?v=_FLo14GMYos	1
https://www.youtube.com/user/FoxNewsChannel/videos	https://www.youtube.com/watch?v=wP4505B5ghY	1
https://www.youtube.com/user/FoxNewsChannel/videos	https://www.youtube.com/watch?v=HZaYHCBfVqI	1
https://www.youtube.com/user/FoxNewsChannel/videos	https://www.youtube.com/watch?v=w4TjuktedQA	1
https://www.youtube.com/user/FoxNewsChannel/videos	https://www.youtube.com/watch?v=TmYs7FC9BFY	1
https://www.youtube.com/user/FoxNewsChannel/videos	https://www.youtube.com/watch?v=g4j8uOuOF6U	1
https://www.youtube.com/user/FoxNewsChannel/videos	https://www.youtube.com/watch?v=KvpnMooNWQg	1
https://www.youtube.com/user/FoxNewsChannel/videos	https://www.youtube.com/watch?v=u1JkLXAN4-8	1
https://www.youtube.com/user/FoxNewsChannel/videos	https://www.youtube.com/watch?v=dXFjmjC7Uos	1
https://www.youtube.com/user/FoxNewsChannel/videos	https://www.youtube.com/watch?v=VEjDsAnupB8	1
https://www.youtube.com/user/FoxNewsChannel/videos	https://www.youtube.com/watch?v=Udz9b5BThnw	1
https://www.youtube.com/user/FoxNewsChannel/videos	https://www.youtube.com/watch?v=KvpnMooNWQg	1
https://www.youtube.com/user/FoxNewsChannel/videos	https://www.youtube.com/watch?v=htcTsNrT_UQ	1
https://www.youtube.com/user/FoxNewsChannel/videos	https://www.youtube.com/watch?v=htcTsNrT_UQ	1
https://www.youtube.com/user/FoxNewsChannel/videos	https://www.youtube.com/watch?v=lvndnTvDZ-k	1
https://www.youtube.com/user/FoxNewsChannel/videos	https://www.youtube.com/watch?v=LrTh23RcdOU	1
https://www.youtube.com/user/FoxNewsChannel/videos	https://www.youtube.com/watch?v=Rh611Qbjsus	1
https://www.youtube.com/user/FoxNewsChannel/videos	https://www.youtube.com/watch?v=YeJq3Rp-HD8	1
https://www.youtube.com/user/FoxNewsChannel/videos	https://www.youtube.com/watch?v=7SAPxYpoHXw	1
https://www.youtube.com/user/FoxNewsChannel/videos	https://www.youtube.com/watch?v=6wLBFEcopgo	1
https://www.youtube.com/user/FoxNewsChannel/videos	https://www.youtube.com/watch?v=903KoA5AtFA	1
https://www.youtube.com/user/FoxNewsChannel/videos	https://www.youtube.com/watch?v=ILMFgu46v8g	1
https://www.youtube.com/user/FoxNewsChannel/videos	https://www.youtube.com/watch?v=kppYRQx8DA4	1
https://www.youtube.com/user/FoxNewsChannel/videos	https://www.youtube.com/watch?v=DOOnw7Yv9oQ	1
https://www.youtube.com/user/FoxNewsChannel/videos	https://www.youtube.com/watch?v=2NzvPxg6uUs	1
https://www.youtube.com/user/FoxNewsChannel/videos	https://www.youtube.com/watch?v=PC8GZLi7d7o	1
https://www.youtube.com/user/FoxNewsChannel/videos	https://www.youtube.com/watch?v=mPYueNzpHLw	1
https://www.youtube.com/user/FoxNewsChannel/videos	https://www.youtube.com/watch?v=rJUnGPIL0bg	1
https://www.youtube.com/user/FoxNewsChannel/videos	https://www.youtube.com/watch?v=X93AyVq3UZ8	1
https://www.youtube.com/user/FoxNewsChannel/videos	https://www.youtube.com/watch?v=cX7ubSkvGi4	1
https://www.youtube.com/user/FoxNewsChannel/videos	https://www.youtube.com/watch?v=0VDbf9VsZ88	1
https://www.youtube.com/user/FoxNewsChannel/videos	https://www.youtube.com/watch?v=903KoA5AtFA	1
https://www.youtube.com/user/FoxNewsChannel/videos	https://www.youtube.com/watch?v=lSz8tSThon4	1
https://www.youtube.com/user/FoxNewsChannel/videos	https://www.youtube.com/watch?v=s6BQrzeecdM	1
https://www.youtube.com/user/FoxNewsChannel/videos	https://www.youtube.com/watch?v=Z50pfEprdnM	1
https://www.youtube.com/user/FoxNewsChannel/videos	https://www.youtube.com/watch?v=xHUHXRvmOeg	1
https://www.youtube.com/user/FoxNewsChannel/videos	https://www.youtube.com/watch?v=XojPKzDyZ30	1
https://www.youtube.com/user/FoxNewsChannel/videos	https://www.youtube.com/watch?v=zopTkefjBFI	1
https://www.youtube.com/user/FoxNewsChannel/videos	https://www.youtube.com/watch?v=piJPOpFhIm0	1
https://www.youtube.com/user/FoxNewsChannel/videos	https://www.youtube.com/watch?v=sONLWHuYo7w	1
https://www.youtube.com/user/FoxNewsChannel/videos	https://www.youtube.com/watch?v=f0KMz_AUBFM	1
https://www.youtube.com/user/FoxNewsChannel/videos	https://www.youtube.com/watch?v=KiDbdr11TNo	1
https://www.youtube.com/user/FoxNewsChannel/videos	https://www.youtube.com/watch?v=rtAgUeV-vTA	1
https://www.youtube.com/user/FoxNewsChannel/videos	https://www.youtube.com/watch?v=tHv0RExQsPQ	1
https://www.youtube.com/user/FoxNewsChannel/videos	https://www.youtube.com/watch?v=WgPC5qum4Zc	1
https://www.youtube.com/user/FoxNewsChannel/videos	https://www.youtube.com/watch?v=RVYsMvfyxeQ	1
https://www.youtube.com/user/FoxNewsChannel/videos	https://www.youtube.com/watch?v=cX7ubSkvGi4	1
https://www.youtube.com/user/FoxNewsChannel/videos	https://www.youtube.com/watch?v=veMFCFyOwFI	1
https://www.youtube.com/user/FoxNewsChannel/videos	https://www.youtube.com/watch?v=TZzJbEklD5I	1
https://www.youtube.com/user/FoxNewsChannel/videos	https://www.youtube.com/watch?v=c87CLV2M1ko	1
https://www.youtube.com/user/FoxNewsChannel/videos	https://www.youtube.com/watch?v=WhQdGpWYuzg	1
https://www.youtube.com/user/FoxNewsChannel/videos	https://www.youtube.com/watch?v=8SLEdIQqMxk	1
https://www.youtube.com/user/FoxNewsChannel/videos	https://www.youtube.com/watch?v=WVB2GSlyrSk	1
https://www.youtube.com/user/FoxNewsChannel/videos	https://www.youtube.com/watch?v=u7hJi47eO9Y	1
https://www.youtube.com/user/FoxNewsChannel/videos	https://www.youtube.com/watch?v=WDKEYlIeiVk	1
https://www.youtube.com/user/FoxNewsChannel/videos	https://www.youtube.com/watch?v=prRokei1Xus	1
https://www.youtube.com/user/FoxNewsChannel/videos	https://www.youtube.com/watch?v=wwsv4hJlmjc	1
https://www.youtube.com/user/FoxNewsChannel/videos	https://www.youtube.com/watch?v=kppYRQx8DA4	1
https://www.youtube.com/user/FoxNewsChannel/videos	https://www.youtube.com/watch?v=lSz8tSThon4	1
https://www.youtube.com/user/FoxNewsChannel/videos	https://www.youtube.com/watch?v=pAxiUUCPs6Y	1
https://www.youtube.com/user/FoxNewsChannel/videos	https://www.youtube.com/watch?v=PC8GZLi7d7o	1
https://www.youtube.com/user/FoxNewsChannel/videos	https://www.youtube.com/watch?v=flStTCVZPso	1
https://www.youtube.com/user/FoxNewsChannel/videos	https://www.youtube.com/watch?v=Zg6NHtJEu3Y	1
https://www.youtube.com/user/FoxNewsChannel/videos	https://www.youtube.com/watch?v=uSzl_5iLPGI	1
https://www.youtube.com/user/FoxNewsChannel/videos	https://www.youtube.com/watch?v=M47aqjkCMNc	1
https://www.youtube.com/user/FoxNewsChannel/videos	https://www.youtube.com/watch?v=RCkNCOA5u-g	1
https://www.youtube.com/user/FoxNewsChannel/videos	https://www.youtube.com/watch?v=QUk7Z8ebYDc	1
https://www.youtube.com/user/FoxNewsChannel/videos	https://www.youtube.com/watch?v=1jIDvwlF6m0	1
https://www.youtube.com/user/FoxNewsChannel/videos	https://www.youtube.com/watch?v=5y3C_-WE780	1
https://www.youtube.com/user/FoxNewsChannel/videos	https://www.youtube.com/watch?v=R5BX9NdYRyc	1
https://www.youtube.com/user/FoxNewsChannel/videos	https://www.youtube.com/watch?v=mPYueNzpHLw	1
https://www.youtube.com/user/FoxNewsChannel/videos	https://www.youtube.com/watch?v=FthM86dsWYc	1
https://www.youtube.com/user/FoxNewsChannel/videos	https://www.youtube.com/watch?v=zopTkefjBFI	1
https://www.youtube.com/user/FoxNewsChannel/videos	https://www.youtube.com/watch?v=z77i82Vw9as	1
https://www.youtube.com/user/FoxNewsChannel/videos	https://www.youtube.com/watch?v=eLrM3SeHKSc	1
https://www.youtube.com/user/FoxNewsChannel/videos	https://www.youtube.com/watch?v=4FnN4vseiXQ	1
https://www.youtube.com/user/FoxNewsChannel/videos	https://www.youtube.com/watch?v=u1JkLXAN4-8	1
https://www.youtube.com/user/FoxNewsChannel/videos	https://www.youtube.com/watch?v=Dy2UzcvqS3w	1
https://www.youtube.com/user/FoxNewsChannel/videos	https://www.youtube.com/watch?v=dno7MGipwME	1
https://www.youtube.com/user/FoxNewsChannel/videos	https://www.youtube.com/watch?v=F9NdN4a6D_g	1
https://www.youtube.com/user/FoxNewsChannel/videos	https://www.youtube.com/watch?v=0VDbf9VsZ88	1
https://www.youtube.com/user/FoxNewsChannel/videos	https://www.youtube.com/watch?v=PC8GZLi7d7o	1
https://www.youtube.com/user/FoxNewsChannel/videos	https://www.youtube.com/watch?v=BgL6BsLmyQ8	1
https://www.youtube.com/user/FoxNewsChannel/videos	https://www.youtube.com/watch?v=0VDbf9VsZ88	1
https://www.youtube.com/user/FoxNewsChannel/videos	https://www.youtube.com/watch?v=Iipg3yCTAS4	1
https://www.youtube.com/user/FoxNewsChannel/videos	https://www.youtube.com/watch?v=MJq_NFmeTak	1
https://www.youtube.com/user/FoxNewsChannel/videos	https://www.youtube.com/watch?v=pAxiUUCPs6Y	1
https://www.youtube.com/user/FoxNewsChannel/videos	https://www.youtube.com/watch?v=sfj3aX_ed7U	1
https://www.youtube.com/user/FoxNewsChannel/videos	https://www.youtube.com/watch?v=c744f4bEGd4	1
https://www.youtube.com/user/FoxNewsChannel/videos	https://www.youtube.com/watch?v=TZzJbEklD5I	1
https://www.youtube.com/user/FoxNewsChannel/videos	https://www.youtube.com/watch?v=wwsv4hJlmjc	1
https://www.youtube.com/user/FoxNewsChannel/videos	https://www.youtube.com/watch?v=f8S1j35v0i0	1
https://www.youtube.com/user/FoxNewsChannel/videos	https://www.youtube.com/watch?v=7kQJifNIa1U	1
https://www.youtube.com/user/FoxNewsChannel/videos	https://www.youtube.com/watch?v=3X7RaD_0zzo	1
https://www.youtube.com/user/FoxNewsChannel/videos	https://www.youtube.com/watch?v=anah_4blbyU	1
https://www.youtube.com/user/FoxNewsChannel/videos	https://www.youtube.com/watch?v=DGXcTEo0nRk	1
https://www.youtube.com/user/FoxNewsChannel/videos	https://www.youtube.com/watch?v=uCj99LB0hPs	1
https://www.youtube.com/user/FoxNewsChannel/videos	https://www.youtube.com/watch?v=DGXcTEo0nRk	1
https://www.youtube.com/user/FoxNewsChannel/videos	https://www.youtube.com/watch?v=8LqoLBQ68Uw	1
https://www.youtube.com/user/FoxNewsChannel/videos	https://www.youtube.com/watch?v=FthM86dsWYc	1
https://www.youtube.com/user/FoxNewsChannel/videos	https://www.youtube.com/watch?v=_DkwXuGk2x4	1
https://www.youtube.com/user/FoxNewsChannel/videos	https://www.youtube.com/watch?v=rJUnGPIL0bg	1
https://www.youtube.com/user/FoxNewsChannel/videos	https://www.youtube.com/watch?v=flStTCVZPso	1
https://www.youtube.com/user/FoxNewsChannel/videos	https://www.youtube.com/watch?v=XmsitqPfcZo	1
https://www.youtube.com/user/FoxNewsChannel/videos	https://www.youtube.com/watch?v=NhE0iuSdNHE	1
https://www.youtube.com/user/FoxNewsChannel/videos	https://www.youtube.com/watch?v=TDO1SjX5Zmc	1
https://www.youtube.com/user/FoxNewsChannel/videos	https://www.youtube.com/watch?v=lvndnTvDZ-k	1
https://www.youtube.com/user/FoxNewsChannel/videos	https://www.youtube.com/watch?v=odThhIA2gUM	1
https://www.youtube.com/user/FoxNewsChannel/videos	https://www.youtube.com/watch?v=63OCvuC-GSY	1
https://www.youtube.com/user/FoxNewsChannel/videos	https://www.youtube.com/watch?v=mD5l-Yft06Y	1
https://www.youtube.com/user/FoxNewsChannel/videos	https://www.youtube.com/watch?v=h-AH24aOPpM	1
https://www.youtube.com/user/FoxNewsChannel/videos	https://www.youtube.com/watch?v=jcsKMie6M94	1
https://www.youtube.com/user/FoxNewsChannel/videos	https://www.youtube.com/watch?v=14wNmoAqPyc	1
https://www.youtube.com/user/FoxNewsChannel/videos	https://www.youtube.com/watch?v=rtAgUeV-vTA	1
https://www.youtube.com/user/FoxNewsChannel/videos	https://www.youtube.com/watch?v=zopTkefjBFI	1
https://www.youtube.com/user/FoxNewsChannel/videos	https://www.youtube.com/watch?v=lvndnTvDZ-k	1
https://www.youtube.com/user/FoxNewsChannel/videos	https://www.youtube.com/watch?v=dHOTgIEmixc	1
https://www.youtube.com/user/FoxNewsChannel/videos	https://www.youtube.com/watch?v=1C0zV2cRcTo	1
https://www.youtube.com/user/FoxNewsChannel/videos	https://www.youtube.com/watch?v=prRokei1Xus	1
https://www.youtube.com/user/FoxNewsChannel/videos	https://www.youtube.com/watch?v=WgPC5qum4Zc	1
https://www.youtube.com/user/FoxNewsChannel/videos	https://www.youtube.com/watch?v=h9S_FNKCvys	1
https://www.youtube.com/user/FoxNewsChannel/videos	https://www.youtube.com/watch?v=lvndnTvDZ-k	1
https://www.youtube.com/user/FoxNewsChannel/videos	https://www.youtube.com/watch?v=rtAgUeV-vTA	1
https://www.youtube.com/user/FoxNewsChannel/videos	https://www.youtube.com/watch?v=kxHK5mfwOmw	1
https://www.youtube.com/user/FoxNewsChannel/videos	https://www.youtube.com/watch?v=P1ZtiIPc7nk	1
https://www.youtube.com/user/FoxNewsChannel/videos	https://www.youtube.com/watch?v=DGXcTEo0nRk	1
https://www.youtube.com/user/FoxNewsChannel/videos	https://www.youtube.com/watch?v=hui6u_DyxBs	1
https://www.youtube.com/user/FoxNewsChannel/videos	https://www.youtube.com/watch?v=i-Pm5092a0c	1
https://www.youtube.com/user/FoxNewsChannel/videos	https://www.youtube.com/watch?v=THgjTTPddlY	1
https://www.youtube.com/user/FoxNewsChannel/videos	https://www.youtube.com/watch?v=RVYsMvfyxeQ	1
https://www.youtube.com/user/FoxNewsChannel/videos	https://www.youtube.com/watch?v=QbwG4AtoS0Y	1
https://www.youtube.com/user/FoxNewsChannel/videos	https://www.youtube.com/watch?v=DzfCZ6W7NeE	1
https://www.youtube.com/user/FoxNewsChannel/videos	https://www.youtube.com/watch?v=5WLwk6yz5WQ	1
https://www.youtube.com/user/FoxNewsChannel/videos	https://www.youtube.com/watch?v=htcTsNrT_UQ	1
https://www.youtube.com/user/FoxNewsChannel/videos	https://www.youtube.com/watch?v=8yqX7m6wJN8	1
https://www.youtube.com/user/FoxNewsChannel/videos	https://www.youtube.com/watch?v=EvXROXiIpvQ	1
https://www.youtube.com/user/FoxNewsChannel/videos	https://www.youtube.com/watch?v=0VDbf9VsZ88	1
https://www.youtube.com/user/FoxNewsChannel/videos	https://www.youtube.com/watch?v=hZOdkVKavng	1
https://www.youtube.com/user/FoxNewsChannel/videos	https://www.youtube.com/watch?v=sXT6uHVeAfU	1
https://www.youtube.com/user/FoxNewsChannel/videos	https://www.youtube.com/watch?v=r9HVdm6YCi8	1
https://www.youtube.com/user/FoxNewsChannel/videos	https://www.youtube.com/watch?v=KiDbdr11TNo	1
https://www.youtube.com/user/FoxNewsChannel/videos	https://www.youtube.com/watch?v=JtZBHRVFYpU	1
https://www.youtube.com/user/FoxNewsChannel/videos	https://www.youtube.com/watch?v=rJUnGPIL0bg	1
https://www.youtube.com/user/FoxNewsChannel/videos	https://www.youtube.com/watch?v=lHdhJmTtQPc	1
https://www.youtube.com/user/FoxNewsChannel/videos	https://www.youtube.com/watch?v=Cm9F7LH7rrY	1
https://www.youtube.com/user/FoxNewsChannel/videos	https://www.youtube.com/watch?v=_DkwXuGk2x4	1
https://www.youtube.com/user/FoxNewsChannel/videos	https://www.youtube.com/watch?v=Ll-GzXpBx-s	1
https://www.youtube.com/user/FoxNewsChannel/videos	https://www.youtube.com/watch?v=kLqNKy2rWK0	1
https://www.youtube.com/user/FoxNewsChannel/videos	https://www.youtube.com/watch?v=Aix2PxwKjcg	1
https://www.youtube.com/user/FoxNewsChannel/videos	https://www.youtube.com/watch?v=jbTeZj_hAlc	1
https://www.youtube.com/user/FoxNewsChannel/videos	https://www.youtube.com/watch?v=eLrM3SeHKSc	1
https://www.youtube.com/user/FoxNewsChannel/videos	https://www.youtube.com/watch?v=Yn6AU-lLjSw	1
https://www.youtube.com/user/FoxNewsChannel/videos	https://www.youtube.com/watch?v=rtAgUeV-vTA	1
https://www.youtube.com/user/FoxNewsChannel/videos	https://www.youtube.com/watch?v=cNZhOY5J_Eg	1
https://www.youtube.com/user/FoxNewsChannel/videos	https://www.youtube.com/watch?v=P_fIQjAouFM	1
https://www.youtube.com/user/FoxNewsChannel/videos	https://www.youtube.com/watch?v=0VDbf9VsZ88	1
https://www.youtube.com/user/FoxNewsChannel/videos	https://www.youtube.com/watch?v=rJUnGPIL0bg	1
https://www.youtube.com/user/FoxNewsChannel/videos	https://www.youtube.com/watch?v=1G4XAByqwdc	1
https://www.youtube.com/user/FoxNewsChannel/videos	https://www.youtube.com/watch?v=UdUIXvwuwto	1
https://www.youtube.com/user/FoxNewsChannel/videos	https://www.youtube.com/watch?v=lvndnTvDZ-k	1
https://www.youtube.com/user/FoxNewsChannel/videos	https://www.youtube.com/watch?v=MI22FCtWM-s	1
https://www.youtube.com/user/FoxNewsChannel/videos	https://www.youtube.com/watch?v=0VDbf9VsZ88	1
https://www.youtube.com/user/FoxNewsChannel/videos	https://www.youtube.com/watch?v=c__2_G1uJwE	1
https://www.youtube.com/user/FoxNewsChannel/videos	https://www.youtube.com/watch?v=w4TjuktedQA	1
https://www.youtube.com/user/FoxNewsChannel/videos	https://www.youtube.com/watch?v=1ZZrAdNoXB8	1
https://www.youtube.com/user/FoxNewsChannel/videos	https://www.youtube.com/watch?v=4bfdWJnrX7g	1
https://www.youtube.com/user/FoxNewsChannel/videos	https://www.youtube.com/watch?v=_8jg2U1hvf4	1
https://www.youtube.com/user/FoxNewsChannel/videos	https://www.youtube.com/watch?v=kppYRQx8DA4	1
https://www.youtube.com/user/FoxNewsChannel/videos	https://www.youtube.com/watch?v=d7Gj1wDfKFM	1
https://www.youtube.com/user/FoxNewsChannel/videos	https://www.youtube.com/watch?v=vczoazK1mxU	1
https://www.youtube.com/user/FoxNewsChannel/videos	https://www.youtube.com/watch?v=8yqX7m6wJN8	1
https://www.youtube.com/user/FoxNewsChannel/videos	https://www.youtube.com/watch?v=s6BQrzeecdM	1
https://www.youtube.com/user/FoxNewsChannel/videos	https://www.youtube.com/watch?v=Wyfw070VtBU	1
https://www.youtube.com/user/FoxNewsChannel/videos	https://www.youtube.com/watch?v=lZLFTe8Cb1g	1
https://www.youtube.com/user/FoxNewsChannel/videos	https://www.youtube.com/watch?v=cX7ubSkvGi4	1
https://www.youtube.com/user/FoxNewsChannel/videos	https://www.youtube.com/watch?v=s6BQrzeecdM	1
https://www.youtube.com/user/FoxNewsChannel/videos	https://www.youtube.com/watch?v=22XLBQSlDHM	1
https://www.youtube.com/user/FoxNewsChannel/videos	https://www.youtube.com/watch?v=aGuPhL8dzJw	1
https://www.youtube.com/user/FoxNewsChannel/videos	https://www.youtube.com/watch?v=WgPC5qum4Zc	1
https://www.youtube.com/user/FoxNewsChannel/videos	https://www.youtube.com/watch?v=NglcmPGVBKE	1
https://www.youtube.com/user/FoxNewsChannel/videos	https://www.youtube.com/watch?v=WgPC5qum4Zc	1
https://www.youtube.com/user/FoxNewsChannel/videos	https://www.youtube.com/watch?v=voI3QVdR16A	1
https://www.youtube.com/user/FoxNewsChannel/videos	https://www.youtube.com/watch?v=ILMFgu46v8g	1
https://www.youtube.com/user/FoxNewsChannel/videos	https://www.youtube.com/watch?v=RVYsMvfyxeQ	1
https://www.youtube.com/user/FoxNewsChannel/videos	https://www.youtube.com/watch?v=Q3MjRHCX76A	1
https://www.youtube.com/user/FoxNewsChannel/videos	https://www.youtube.com/watch?v=lSz8tSThon4	1
https://www.youtube.com/user/FoxNewsChannel/videos	https://www.youtube.com/watch?v=WgPC5qum4Zc	1
https://www.youtube.com/user/FoxNewsChannel/videos	https://www.youtube.com/watch?v=481tTjjTczk	1
https://www.youtube.com/user/FoxNewsChannel/videos	https://www.youtube.com/watch?v=mPYueNzpHLw	1
https://www.youtube.com/user/FoxNewsChannel/videos	https://www.youtube.com/watch?v=qlgz8MXfBJY	1
https://www.youtube.com/user/FoxNewsChannel/videos	https://www.youtube.com/watch?v=vVBhEjh7xFo	1
https://www.youtube.com/user/FoxNewsChannel/videos	https://www.youtube.com/watch?v=VEjDsAnupB8	1
https://www.youtube.com/user/FoxNewsChannel/videos	https://www.youtube.com/watch?v=kzWuaS6pdFc	1
https://www.youtube.com/user/FoxNewsChannel/videos	https://www.youtube.com/watch?v=LNhyvMsQ7UE	1
https://www.youtube.com/user/FoxNewsChannel/videos	https://www.youtube.com/watch?v=y1i0dovxodE	1
https://www.youtube.com/user/FoxNewsChannel/videos	https://www.youtube.com/watch?v=BV9knzayzqk	1
https://www.youtube.com/user/FoxNewsChannel/videos	https://www.youtube.com/watch?v=ZXE6qyrBHn4	1
https://www.youtube.com/user/FoxNewsChannel/videos	https://www.youtube.com/watch?v=DGXcTEo0nRk	1
https://www.youtube.com/user/FoxNewsChannel/videos	https://www.youtube.com/watch?v=X_tiJUFLnt4	1
https://www.youtube.com/user/FoxNewsChannel/videos	https://www.youtube.com/watch?v=rtAgUeV-vTA	1
https://www.youtube.com/user/FoxNewsChannel/videos	https://www.youtube.com/watch?v=HSvIigqZpX4	1
https://www.youtube.com/user/FoxNewsChannel/videos	https://www.youtube.com/watch?v=Z50pfEprdnM	1
https://www.youtube.com/user/FoxNewsChannel/videos	https://www.youtube.com/watch?v=rtAgUeV-vTA	1
https://www.youtube.com/user/FoxNewsChannel/videos	https://www.youtube.com/watch?v=WgPC5qum4Zc	1
https://www.youtube.com/user/FoxNewsChannel/videos	https://www.youtube.com/watch?v=9mpwlkc2a5s	1
https://www.youtube.com/user/FoxNewsChannel/videos	https://www.youtube.com/watch?v=lvndnTvDZ-k	1
https://www.youtube.com/user/FoxNewsChannel/videos	https://www.youtube.com/watch?v=WgPC5qum4Zc	1
https://www.youtube.com/user/FoxNewsChannel/videos	https://www.youtube.com/watch?v=lvndnTvDZ-k	1
https://www.youtube.com/user/FoxNewsChannel/videos	https://www.youtube.com/watch?v=P0Nbp77DUB8	1
https://www.youtube.com/user/FoxNewsChannel/videos	https://www.youtube.com/watch?v=s6BQrzeecdM	1
https://www.youtube.com/user/FoxNewsChannel/videos	https://www.youtube.com/watch?v=HIBYtdhf0c4	1
https://www.youtube.com/user/FoxNewsChannel/videos	https://www.youtube.com/watch?v=mSx1VG8UnF8	1
https://www.youtube.com/user/FoxNewsChannel/videos	https://www.youtube.com/watch?v=kppYRQx8DA4	1
https://www.youtube.com/user/FoxNewsChannel/videos	https://www.youtube.com/watch?v=wqqFp_nR4W0	1
https://www.youtube.com/user/FoxNewsChannel/videos	https://www.youtube.com/watch?v=lvndnTvDZ-k	1
https://www.youtube.com/user/FoxNewsChannel/videos	https://www.youtube.com/watch?v=HRQRg3xhehs	1
https://www.youtube.com/user/FoxNewsChannel/videos	https://www.youtube.com/watch?v=1G4XAByqwdc	1
https://www.youtube.com/user/FoxNewsChannel/videos	https://www.youtube.com/watch?v=481tTjjTczk	1
https://www.youtube.com/user/FoxNewsChannel/videos	https://www.youtube.com/watch?v=IgL5jOypOQ8	1
https://www.youtube.com/user/FoxNewsChannel/videos	https://www.youtube.com/watch?v=xEXiXZp5NzA	1
https://www.youtube.com/user/FoxNewsChannel/videos	https://www.youtube.com/watch?v=zopTkefjBFI	1
https://www.youtube.com/user/FoxNewsChannel/videos	https://www.youtube.com/watch?v=ffHEHRA5h9g	1
https://www.youtube.com/user/FoxNewsChannel/videos	https://www.youtube.com/watch?v=0qFqa-ptwlA	1
https://www.youtube.com/user/FoxNewsChannel/videos	https://www.youtube.com/watch?v=YX3G1r3ynfw	1
https://www.youtube.com/user/FoxNewsChannel/videos	https://www.youtube.com/watch?v=WgPC5qum4Zc	1
https://www.youtube.com/user/FoxNewsChannel/videos	https://www.youtube.com/watch?v=iJrOwyF2b9Y	1
https://www.youtube.com/user/FoxNewsChannel/videos	https://www.youtube.com/watch?v=ZvXgHiS9-zQ	1
https://www.youtube.com/user/FoxNewsChannel/videos	https://www.youtube.com/watch?v=KvpnMooNWQg	1
https://www.youtube.com/user/FoxNewsChannel/videos	https://www.youtube.com/watch?v=lSz8tSThon4	1
https://www.youtube.com/user/FoxNewsChannel/videos	https://www.youtube.com/watch?v=ZyS-lWeVFGs	1
https://www.youtube.com/user/FoxNewsChannel/videos	https://www.youtube.com/watch?v=eLrM3SeHKSc	1
https://www.youtube.com/user/FoxNewsChannel/videos	https://www.youtube.com/watch?v=rtAgUeV-vTA	1
https://www.youtube.com/user/FoxNewsChannel/videos	https://www.youtube.com/watch?v=lvndnTvDZ-k	1
https://www.youtube.com/user/FoxNewsChannel/videos	https://www.youtube.com/watch?v=Q3MjRHCX76A	1
https://www.youtube.com/user/FoxNewsChannel/videos	https://www.youtube.com/watch?v=kppYRQx8DA4	1
https://www.youtube.com/user/FoxNewsChannel/videos	https://www.youtube.com/watch?v=Bu4BxRUnqao	1
https://www.youtube.com/user/FoxNewsChannel/videos	https://www.youtube.com/watch?v=PC8GZLi7d7o	1
https://www.youtube.com/user/FoxNewsChannel/videos	https://www.youtube.com/watch?v=Tpe_bEvfd90	1
https://www.youtube.com/user/FoxNewsChannel/videos	https://www.youtube.com/watch?v=Tpe_bEvfd90	1
https://www.youtube.com/user/FoxNewsChannel/videos	https://www.youtube.com/watch?v=J5kwJjTYc3k	1
https://www.youtube.com/user/FoxNewsChannel/videos	https://www.youtube.com/watch?v=FthM86dsWYc	1
https://www.youtube.com/user/FoxNewsChannel/videos	https://www.youtube.com/watch?v=0VDbf9VsZ88	1
https://www.youtube.com/user/FoxNewsChannel/videos	https://www.youtube.com/watch?v=3a0LHPL_5Tc	1
https://www.youtube.com/user/FoxNewsChannel/videos	https://www.youtube.com/watch?v=903KoA5AtFA	1
https://www.youtube.com/user/FoxNewsChannel/videos	https://www.youtube.com/watch?v=3fS5A_hw2w8	1
https://www.youtube.com/user/FoxNewsChannel/videos	https://www.youtube.com/watch?v=NxFkEj7KPC0	1
https://www.youtube.com/user/FoxNewsChannel/videos	https://www.youtube.com/watch?v=Q3MjRHCX76A	1
https://www.youtube.com/user/FoxNewsChannel/videos	https://www.youtube.com/watch?v=-zQPo31Ybzk	1
https://www.youtube.com/user/FoxNewsChannel/videos	https://www.youtube.com/watch?v=0e50fQLyebI	1
https://www.youtube.com/user/FoxNewsChannel/videos	https://www.youtube.com/watch?v=lqxPuyUm6FM	1
https://www.youtube.com/user/FoxNewsChannel/videos	https://www.youtube.com/watch?v=ah5UEXknxBM	1
https://www.youtube.com/user/FoxNewsChannel/videos	https://www.youtube.com/watch?v=g_OFi1mOHi8	1
https://www.youtube.com/user/FoxNewsChannel/videos	https://www.youtube.com/watch?v=pAxiUUCPs6Y	1
https://www.youtube.com/user/FoxNewsChannel/videos	https://www.youtube.com/watch?v=lvndnTvDZ-k	1
https://www.youtube.com/user/FoxNewsChannel/videos	https://www.youtube.com/watch?v=P0Nbp77DUB8	1
https://www.youtube.com/user/FoxNewsChannel/videos	https://www.youtube.com/watch?v=h9S_FNKCvys	1
https://www.youtube.com/user/FoxNewsChannel/videos	https://www.youtube.com/watch?v=zopTkefjBFI	1
https://www.youtube.com/user/FoxNewsChannel/videos	https://www.youtube.com/watch?v=TZzJbEklD5I	1
https://www.youtube.com/user/FoxNewsChannel/videos	https://www.youtube.com/watch?v=OhXxlwff7dA	1
https://www.youtube.com/user/FoxNewsChannel/videos	https://www.youtube.com/watch?v=hD4hz8TFSAI	1
https://www.youtube.com/user/FoxNewsChannel/videos	https://www.youtube.com/watch?v=MgiJFSGQBTE	1
https://www.youtube.com/user/FoxNewsChannel/videos	https://www.youtube.com/watch?v=yigFNq_cXxs	1
https://www.youtube.com/user/FoxNewsChannel/videos	https://www.youtube.com/watch?v=rJUnGPIL0bg	1
https://www.youtube.com/user/FoxNewsChannel/videos	https://www.youtube.com/watch?v=wwsv4hJlmjc	1
https://www.youtube.com/user/FoxNewsChannel/videos	https://www.youtube.com/watch?v=lSz8tSThon4	1
https://www.youtube.com/user/FoxNewsChannel/videos	https://www.youtube.com/watch?v=rtAgUeV-vTA	1
https://www.youtube.com/user/FoxNewsChannel/videos	https://www.youtube.com/watch?v=YA631bMT9g8	1
https://www.youtube.com/user/FoxNewsChannel/videos	https://www.youtube.com/watch?v=djs9Ii57Ko8	1
https://www.youtube.com/user/FoxNewsChannel/videos	https://www.youtube.com/watch?v=903KoA5AtFA	1
https://www.youtube.com/user/FoxNewsChannel/videos	https://www.youtube.com/watch?v=zldmipWIIoE	1
https://www.youtube.com/user/FoxNewsChannel/videos	https://www.youtube.com/watch?v=w4TjuktedQA	1
https://www.youtube.com/user/FoxNewsChannel/videos	https://www.youtube.com/watch?v=w4TjuktedQA	1
https://www.youtube.com/user/FoxNewsChannel/videos	https://www.youtube.com/watch?v=uHIE_HF39Ao	1
https://www.youtube.com/user/FoxNewsChannel/videos	https://www.youtube.com/watch?v=PjU46xgC5TU	1
https://www.youtube.com/user/FoxNewsChannel/videos	https://www.youtube.com/watch?v=dnGfLNrHgdU	1
https://www.youtube.com/user/FoxNewsChannel/videos	https://www.youtube.com/watch?v=RVYsMvfyxeQ	1
https://www.youtube.com/user/FoxNewsChannel/videos	https://www.youtube.com/watch?v=n8bK3QMsFKs	1
https://www.youtube.com/user/FoxNewsChannel/videos	https://www.youtube.com/watch?v=P1ZtiIPc7nk	1
https://www.youtube.com/user/FoxNewsChannel/videos	https://www.youtube.com/watch?v=qQSelhHRtQU	1
https://www.youtube.com/user/FoxNewsChannel/videos	https://www.youtube.com/watch?v=WgPC5qum4Zc	1
https://www.youtube.com/user/FoxNewsChannel/videos	https://www.youtube.com/watch?v=zopTkefjBFI	1
https://www.youtube.com/user/FoxNewsChannel/videos	https://www.youtube.com/watch?v=zjwLZYJW-1E	1
https://www.youtube.com/user/FoxNewsChannel/videos	https://www.youtube.com/watch?v=6UI1Vfa9FpY	1
https://www.youtube.com/user/FoxNewsChannel/videos	https://www.youtube.com/watch?v=uOfwFxG0yO8	1
https://www.youtube.com/user/FoxNewsChannel/videos	https://www.youtube.com/watch?v=wwsv4hJlmjc	1
https://www.youtube.com/user/FoxNewsChannel/videos	https://www.youtube.com/watch?v=-rQXX3Gxytg	1
https://www.youtube.com/user/FoxNewsChannel/videos	https://www.youtube.com/watch?v=KAZmHIiN8VI	1
https://www.youtube.com/user/FoxNewsChannel/videos	https://www.youtube.com/watch?v=5ju48osXupk	1
https://www.youtube.com/user/FoxNewsChannel/videos	https://www.youtube.com/watch?v=V_m72Hn7jDI	1
https://www.youtube.com/user/FoxNewsChannel/videos	https://www.youtube.com/watch?v=V8AFLULlA2I	1
https://www.youtube.com/user/FoxNewsChannel/videos	https://www.youtube.com/watch?v=kppYRQx8DA4	1
https://www.youtube.com/user/FoxNewsChannel/videos	https://www.youtube.com/watch?v=lMdbTGUcpkI	1
https://www.youtube.com/user/FoxNewsChannel/videos	https://www.youtube.com/watch?v=kppYRQx8DA4	1
https://www.youtube.com/user/FoxNewsChannel/videos	https://www.youtube.com/watch?v=-rQXX3Gxytg	1
https://www.youtube.com/user/FoxNewsChannel/videos	https://www.youtube.com/watch?v=903KoA5AtFA	1
https://www.youtube.com/user/FoxNewsChannel/videos	https://www.youtube.com/watch?v=DGXcTEo0nRk	1
https://www.youtube.com/user/FoxNewsChannel/videos	https://www.youtube.com/watch?v=lMdbTGUcpkI	1
https://www.youtube.com/user/FoxNewsChannel/videos	https://www.youtube.com/watch?v=DGXcTEo0nRk	1
https://www.youtube.com/user/FoxNewsChannel/videos	https://www.youtube.com/watch?v=iwMzZtU5H7I	1
https://www.youtube.com/user/FoxNewsChannel/videos	https://www.youtube.com/watch?v=d7Gj1wDfKFM	1
https://www.youtube.com/user/FoxNewsChannel/videos	https://www.youtube.com/watch?v=rtAgUeV-vTA	1
https://www.youtube.com/user/FoxNewsChannel/videos	https://www.youtube.com/watch?v=prRokei1Xus	1
https://www.youtube.com/user/FoxNewsChannel/videos	https://www.youtube.com/watch?v=rtAgUeV-vTA	1
https://www.youtube.com/user/FoxNewsChannel/videos	https://www.youtube.com/watch?v=1C0zV2cRcTo	1
https://www.youtube.com/user/FoxNewsChannel/videos	https://www.youtube.com/watch?v=lvndnTvDZ-k	1
https://www.youtube.com/user/FoxNewsChannel/videos	https://www.youtube.com/watch?v=aM3ElTvF52I	1
https://www.youtube.com/user/FoxNewsChannel/videos	https://www.youtube.com/watch?v=MgiamOxYaP4	1
https://www.youtube.com/user/FoxNewsChannel/videos	https://www.youtube.com/watch?v=w4TjuktedQA	1
https://www.youtube.com/user/FoxNewsChannel/videos	https://www.youtube.com/watch?v=KvpnMooNWQg	1
https://www.youtube.com/user/FoxNewsChannel/videos	https://www.youtube.com/watch?v=JldL4lKLZlM	1
https://www.youtube.com/user/FoxNewsChannel/videos	https://www.youtube.com/watch?v=zsAKZbe7KHw	1
https://www.youtube.com/user/FoxNewsChannel/videos	https://www.youtube.com/watch?v=Jnei1md-Ia0	1
https://www.youtube.com/user/FoxNewsChannel/videos	https://www.youtube.com/watch?v=AKnAktKb1vc	1
https://www.youtube.com/user/FoxNewsChannel/videos	https://www.youtube.com/watch?v=903KoA5AtFA	1
https://www.youtube.com/user/FoxNewsChannel/videos	https://www.youtube.com/watch?v=WgPC5qum4Zc	1
https://www.youtube.com/user/FoxNewsChannel/videos	https://www.youtube.com/watch?v=kzWuaS6pdFc	1
https://www.youtube.com/user/FoxNewsChannel/videos	https://www.youtube.com/watch?v=MI22FCtWM-s	1
https://www.youtube.com/user/FoxNewsChannel/videos	https://www.youtube.com/watch?v=VEjDsAnupB8	1
https://www.youtube.com/user/FoxNewsChannel/videos	https://www.youtube.com/watch?v=_h46C2kIgFg	1
https://www.youtube.com/user/FoxNewsChannel/videos	https://www.youtube.com/watch?v=KvpnMooNWQg	1
https://www.youtube.com/user/FoxNewsChannel/videos	https://www.youtube.com/watch?v=z-PGGW_86bY	1
https://www.youtube.com/user/FoxNewsChannel/videos	https://www.youtube.com/watch?v=H8i5OOslFZo	1
https://www.youtube.com/user/FoxNewsChannel/videos	https://www.youtube.com/watch?v=WgPC5qum4Zc	1
https://www.youtube.com/user/FoxNewsChannel/videos	https://www.youtube.com/watch?v=_h46C2kIgFg	1
https://www.youtube.com/user/FoxNewsChannel/videos	https://www.youtube.com/watch?v=Ga3maNZ0x0w	1
https://www.youtube.com/user/FoxNewsChannel/videos	https://www.youtube.com/watch?v=zopTkefjBFI	1
https://www.youtube.com/user/FoxNewsChannel/videos	https://www.youtube.com/watch?v=y0hAcM3Q2cs	1
https://www.youtube.com/user/FoxNewsChannel/videos	https://www.youtube.com/watch?v=Svy-HEeS2h0	1
https://www.youtube.com/user/FoxNewsChannel/videos	https://www.youtube.com/watch?v=Tpe_bEvfd90	1
https://www.youtube.com/user/FoxNewsChannel/videos	https://www.youtube.com/watch?v=46yxmiXle7I	1
https://www.youtube.com/user/FoxNewsChannel/videos	https://www.youtube.com/watch?v=lqxPuyUm6FM	1
https://www.youtube.com/user/FoxNewsChannel/videos	https://www.youtube.com/watch?v=Aeo9ZFpcvV4	1
https://www.youtube.com/user/FoxNewsChannel/videos	https://www.youtube.com/watch?v=7mAD9noJNJ8	1
https://www.youtube.com/user/FoxNewsChannel/videos	https://www.youtube.com/watch?v=7AaMsXAru10	1
https://www.youtube.com/user/FoxNewsChannel/videos	https://www.youtube.com/watch?v=481tTjjTczk	1
https://www.youtube.com/user/FoxNewsChannel/videos	https://www.youtube.com/watch?v=WgPC5qum4Zc	1
https://www.youtube.com/user/FoxNewsChannel/videos	https://www.youtube.com/watch?v=WgPC5qum4Zc	1
https://www.youtube.com/user/FoxNewsChannel/videos	https://www.youtube.com/watch?v=l2eTo1et6VI	1
https://www.youtube.com/user/FoxNewsChannel/videos	https://www.youtube.com/watch?v=0VDbf9VsZ88	1
https://www.youtube.com/user/FoxNewsChannel/videos	https://www.youtube.com/watch?v=eqceHviNBC4	1
https://www.youtube.com/user/FoxNewsChannel/videos	https://www.youtube.com/watch?v=Q3MjRHCX76A	1
https://www.youtube.com/user/FoxNewsChannel/videos	https://www.youtube.com/watch?v=T8y1Q_4tDUU	1
https://www.youtube.com/user/FoxNewsChannel/videos	https://www.youtube.com/watch?v=DzfCZ6W7NeE	1
https://www.youtube.com/user/FoxNewsChannel/videos	https://www.youtube.com/watch?v=l6e0ZZvKWa0	1
https://www.youtube.com/user/FoxNewsChannel/videos	https://www.youtube.com/watch?v=L-7tu40PNAY	1
https://www.youtube.com/user/FoxNewsChannel/videos	https://www.youtube.com/watch?v=JgCpB6-QrHc	1
https://www.youtube.com/user/FoxNewsChannel/videos	https://www.youtube.com/watch?v=43nh_tFcU-k	1
